timestamp,cpu_util,runqueue
20:25:40.011361,0.0,1.36
20:25:40.112607,95.23809523809523,1.36
20:25:40.214511,90.0,1.36
20:25:40.318358,78.94736842105263,1.36
20:25:40.418665,76.19047619047619,1.36
20:25:40.519421,90.0,1.36
20:25:40.619707,85.0,1.36
20:25:40.719990,80.0,1.36
20:25:40.822560,80.95238095238095,1.36
20:25:40.922848,90.0,1.36
20:25:41.024572,100.0,1.36
20:25:41.124921,80.0,1.36
20:25:41.225471,85.0,1.36
20:25:41.325766,90.47619047619048,1.36
20:25:41.426066,94.73684210526316,1.36
20:25:41.528694,80.0,1.36
20:25:41.629512,78.94736842105263,1.65
20:25:41.729845,95.23809523809523,1.65
20:25:41.830251,80.95238095238095,1.65
20:25:41.931060,75.0,1.65
20:25:42.031701,89.47368421052632,1.65
20:25:42.133532,95.45454545454545,1.65
20:25:42.236489,94.73684210526316,1.65
20:25:42.338489,66.66666666666667,1.65
20:25:42.438781,72.22222222222221,1.65
20:25:42.539077,75.0,1.65
20:25:42.639386,75.0,1.65
20:25:42.739766,66.66666666666667,1.65
20:25:42.840472,95.23809523809523,1.65
20:25:42.940839,84.21052631578947,1.65
20:25:43.041177,75.0,1.65
20:25:43.141589,85.0,1.65
20:25:43.241920,84.21052631578947,1.65
20:25:43.343557,75.0,1.65
20:25:43.443852,85.0,1.65
20:25:43.544179,80.95238095238095,1.65
20:25:43.644607,70.0,1.65
20:25:43.745423,80.0,1.65
20:25:43.845711,80.0,1.65
20:25:43.946062,95.23809523809523,1.65
20:25:44.046510,84.21052631578947,1.65
20:25:44.147487,80.0,1.65
20:25:44.247940,90.0,1.65
20:25:44.348851,95.0,1.65
20:25:44.450443,100.0,1.65
20:25:44.550731,95.23809523809523,1.65
20:25:44.652039,94.44444444444444,1.65
20:25:44.755510,95.45454545454545,1.65
20:25:44.858489,95.23809523809523,1.65
20:25:44.958901,95.0,1.65
20:25:45.059252,100.0,1.65
20:25:45.159606,90.47619047619048,1.65
20:25:45.259911,85.71428571428572,1.65
20:25:45.360211,89.47368421052632,1.65
20:25:45.460760,95.0,1.65
20:25:45.564494,80.0,1.65
20:25:45.664779,85.0,1.65
20:25:45.765072,80.95238095238095,1.65
20:25:45.865418,80.0,1.65
20:25:45.968499,90.47619047619048,1.65
20:25:46.068932,84.21052631578947,1.65
20:25:46.170001,85.0,1.65
20:25:46.271808,95.0,1.65
20:25:46.372329,95.0,1.65
20:25:46.472651,80.95238095238095,1.65
20:25:46.573032,88.88888888888889,1.65
20:25:46.673432,95.0,1.84
20:25:46.775564,68.18181818181819,1.84
20:25:46.875975,83.33333333333334,1.84
20:25:46.976384,85.0,1.84
20:25:47.078582,81.81818181818181,1.84
20:25:47.179561,90.0,1.84
20:25:47.280168,100.0,1.84
20:25:47.382603,100.0,1.84
20:25:47.484859,95.0,1.84
20:25:47.585266,100.0,1.84
20:25:47.686477,100.0,1.84
20:25:47.789500,95.23809523809523,1.84
20:25:47.889784,100.0,1.84
20:25:47.990071,100.0,1.84
20:25:48.090504,95.0,1.84
20:25:48.190802,100.0,1.84
20:25:48.291117,100.0,1.84
20:25:48.393528,100.0,1.84
20:25:48.497748,95.0,1.84
20:25:48.598147,100.0,1.84
20:25:48.698451,95.0,1.84
20:25:48.799725,100.0,1.84
20:25:48.901118,100.0,1.84
20:25:49.004483,89.47368421052632,1.84
20:25:49.106763,100.0,1.84
20:25:49.207086,95.0,1.84
20:25:49.307374,100.0,1.84
20:25:49.407749,100.0,1.84
20:25:49.508045,100.0,1.84
20:25:49.608428,100.0,1.84
20:25:49.708869,95.23809523809523,1.84
20:25:49.813455,100.0,1.84
20:25:49.915491,95.0,1.84
20:25:50.016761,95.0,1.84
20:25:50.117150,94.73684210526316,1.84
20:25:50.221473,95.45454545454545,1.84
20:25:50.323469,95.0,1.84
20:25:50.426467,95.23809523809523,1.84
20:25:50.526779,100.0,1.84
20:25:50.628705,95.23809523809523,1.84
20:25:50.730908,95.0,1.84
20:25:50.831692,100.0,1.84
20:25:50.932006,100.0,1.84
20:25:51.033518,95.0,1.84
20:25:51.133880,75.0,1.84
20:25:51.234887,76.19047619047619,1.84
20:25:51.335884,95.0,1.84
20:25:51.436390,84.21052631578947,1.84
20:25:51.536817,80.95238095238095,1.84
20:25:51.638428,78.94736842105263,1.93
20:25:51.740155,85.0,1.93
20:25:51.840460,85.0,1.93
20:25:51.940806,80.95238095238095,1.93
20:25:52.041135,80.0,1.93
20:25:52.143602,85.0,1.93
20:25:52.248472,95.45454545454545,1.93
20:25:52.348800,95.0,1.93
20:25:52.449064,77.77777777777779,1.93
20:25:52.549357,80.0,1.93
20:25:52.649669,75.0,1.93
20:25:52.750025,80.95238095238095,1.93
20:25:52.850361,85.0,1.93
20:25:52.952557,80.0,1.93
20:25:53.052809,76.19047619047619,1.93
20:25:53.153186,77.77777777777779,1.93
20:25:53.254202,71.42857142857143,1.93
20:25:53.355581,90.47619047619048,1.93
20:25:53.456440,80.0,1.93
20:25:53.556724,78.94736842105263,1.93
20:25:53.657069,76.19047619047619,1.93
20:25:53.759474,95.23809523809523,1.93
20:25:53.860581,100.0,1.93
20:25:53.961542,100.0,1.93
20:25:54.061903,80.0,1.93
20:25:54.162495,85.71428571428572,1.93
20:25:54.263593,90.0,1.93
20:25:54.367350,100.0,1.93
20:25:54.467691,90.0,1.93
20:25:54.569039,81.81818181818181,1.93
20:25:54.669464,88.88888888888889,1.93
20:25:54.769885,76.19047619047619,1.93
20:25:54.870196,75.0,1.93
20:25:54.972553,80.0,1.93
20:25:55.072847,95.23809523809523,1.93
20:25:55.174513,95.0,1.93
20:25:55.274965,100.0,1.93
20:25:55.375256,95.0,1.93
20:25:55.475547,78.94736842105263,1.93
20:25:55.575854,85.71428571428572,1.93
20:25:55.676160,78.94736842105263,1.93
20:25:55.776933,85.0,1.93
20:25:55.877424,75.0,1.93
20:25:55.984019,85.0,1.93
20:25:56.084361,95.23809523809523,1.93
20:25:56.184851,95.23809523809523,1.93
20:25:56.285411,89.47368421052632,1.93
20:25:56.386034,95.0,1.93
20:25:56.486537,85.0,1.93
20:25:56.587217,94.73684210526316,2.02
20:25:56.688164,90.47619047619048,2.02
20:25:56.788773,85.71428571428572,2.02
20:25:56.889579,89.47368421052632,2.02
20:25:56.993489,80.95238095238095,2.02
20:25:57.093807,75.0,2.02
20:25:57.194125,94.73684210526316,2.02
20:25:57.294587,85.71428571428572,2.02
20:25:57.395043,75.0,2.02
20:25:57.495473,85.0,2.02
20:25:57.597051,84.21052631578947,2.02
20:25:57.697551,80.95238095238095,2.02
20:25:57.798499,80.0,2.02
20:25:57.898823,80.0,2.02
20:25:58.000492,85.0,2.02
20:25:58.100879,85.0,2.02
20:25:58.201228,68.42105263157895,2.02
20:25:58.301793,80.0,2.02
20:25:58.403156,72.72727272727273,2.02
20:25:58.503646,85.0,2.02
20:25:58.604088,80.0,2.02
20:25:58.705519,80.0,2.02
20:25:58.807489,85.0,2.02
20:25:58.907858,78.94736842105263,2.02
20:25:59.009256,84.21052631578947,2.02
20:25:59.109887,85.71428571428572,2.02
20:25:59.210268,100.0,2.02
20:25:59.311720,75.0,2.02
20:25:59.412349,70.0,2.02
20:25:59.513479,85.0,2.02
20:25:59.613874,85.0,2.02
20:25:59.714698,77.27272727272727,2.02
20:25:59.815208,68.42105263157895,2.02
20:25:59.916577,85.0,2.02
20:26:00.017501,75.0,2.02
20:26:00.119615,80.95238095238095,2.02
20:26:00.219979,78.94736842105263,2.02
20:26:00.320514,76.19047619047619,2.02
20:26:00.421518,89.47368421052632,2.02
20:26:00.522004,75.0,2.02
20:26:00.623889,85.71428571428572,2.02
20:26:00.724209,80.0,2.02
20:26:00.824772,80.0,2.02
20:26:00.925262,65.0,2.02
20:26:01.026489,95.0,2.02
20:26:01.127011,80.0,2.02
20:26:01.227392,80.0,2.02
20:26:01.327714,73.6842105263158,2.02
20:26:01.428036,76.19047619047619,2.02
20:26:01.530486,81.81818181818181,2.02
20:26:01.630810,68.42105263157895,2.1
20:26:01.731095,78.94736842105263,2.1
20:26:01.831450,75.0,2.1
20:26:01.931764,75.0,2.1
20:26:02.032070,75.0,2.1
20:26:02.132497,95.0,2.1
20:26:02.232938,76.19047619047619,2.1
20:26:02.333386,84.21052631578947,2.1
20:26:02.433809,70.0,2.1
20:26:02.534156,77.27272727272727,2.1
20:26:02.634560,78.94736842105263,2.1
20:26:02.734875,75.0,2.1
20:26:02.836627,80.95238095238095,2.1
20:26:02.938628,90.0,2.1
20:26:03.038976,68.42105263157895,2.1
20:26:03.139269,75.0,2.1
20:26:03.239760,75.0,2.1
20:26:03.340080,80.0,2.1
20:26:03.440355,76.19047619047619,2.1
20:26:03.543420,84.21052631578947,2.1
20:26:03.643695,76.19047619047619,2.1
20:26:03.743999,78.94736842105263,2.1
20:26:03.844374,85.0,2.1
20:26:03.944719,76.19047619047619,2.1
20:26:04.045179,88.88888888888889,2.1
20:26:04.146060,80.95238095238095,2.1
20:26:04.246649,80.0,2.1
20:26:04.347580,84.21052631578947,2.1
20:26:04.449455,75.0,2.1
20:26:04.549748,89.47368421052632,2.1
20:26:04.650088,76.19047619047619,2.1
20:26:04.751475,80.0,2.1
20:26:04.851801,78.94736842105263,2.1
20:26:04.952082,76.19047619047619,2.1
20:26:05.052475,85.0,2.1
20:26:05.153441,85.71428571428572,2.1
20:26:05.253709,80.95238095238095,2.1
20:26:05.354048,84.21052631578947,2.1
20:26:05.454407,85.0,2.1
20:26:05.555436,85.0,2.1
20:26:05.655701,76.19047619047619,2.1
20:26:05.756006,78.94736842105263,2.1
20:26:05.858629,80.95238095238095,2.1
20:26:05.958978,90.0,2.1
20:26:06.059302,85.0,2.1
20:26:06.159742,80.0,2.1
20:26:06.263476,80.95238095238095,2.1
20:26:06.363913,89.47368421052632,2.1
20:26:06.464418,80.95238095238095,2.1
20:26:06.567508,75.0,2.1
20:26:06.667941,80.95238095238095,2.09
20:26:06.768590,78.94736842105263,2.09
20:26:06.869635,80.0,2.09
20:26:06.970030,84.21052631578947,2.09
20:26:07.071616,78.94736842105263,2.09
20:26:07.172153,85.0,2.09
20:26:07.273479,76.19047619047619,2.09
20:26:07.373806,80.0,2.09
20:26:07.474202,57.89473684210527,2.09
20:26:07.574662,76.19047619047619,2.09
20:26:07.675041,70.0,2.09
20:26:07.775564,80.0,2.09
20:26:07.875894,84.21052631578947,2.09
20:26:07.976324,85.0,2.09
20:26:08.078558,85.0,2.09
20:26:08.178847,80.0,2.09
20:26:08.279226,70.0,2.09
20:26:08.379765,75.0,2.09
20:26:08.480087,75.0,2.09
20:26:08.582576,80.0,2.09
20:26:08.682877,70.0,2.09
20:26:08.785574,80.95238095238095,2.09
20:26:08.885849,89.47368421052632,2.09
20:26:08.986192,85.0,2.09
20:26:09.086682,76.19047619047619,2.09
20:26:09.188547,80.95238095238095,2.09
20:26:09.288840,78.94736842105263,2.09
20:26:09.389155,84.21052631578947,2.09
20:26:09.489481,80.95238095238095,2.09
20:26:09.589852,84.21052631578947,2.09
20:26:09.690193,80.0,2.09
20:26:09.791522,84.21052631578947,2.09
20:26:09.891947,90.0,2.09
20:26:09.995462,76.19047619047619,2.09
20:26:10.095741,95.23809523809523,2.09
20:26:10.196073,100.0,2.09
20:26:10.296421,80.0,2.09
20:26:10.396748,68.42105263157895,2.09
20:26:10.497118,80.0,2.09
20:26:10.598388,85.71428571428572,2.09
20:26:10.698869,95.23809523809523,2.09
20:26:10.800451,84.21052631578947,2.09
20:26:10.901032,85.71428571428572,2.09
20:26:11.005375,90.0,2.09
20:26:11.105822,85.0,2.09
20:26:11.206299,84.21052631578947,2.09
20:26:11.306632,81.81818181818181,2.09
20:26:11.406980,84.21052631578947,2.09
20:26:11.507334,73.6842105263158,2.09
20:26:11.607638,76.19047619047619,2.16
20:26:11.711464,76.19047619047619,2.16
20:26:11.811736,65.0,2.16
20:26:11.912043,78.94736842105263,2.16
20:26:12.012460,85.71428571428572,2.16
20:26:12.113966,85.0,2.16
20:26:12.214386,85.0,2.16
20:26:12.314791,65.0,2.16
20:26:12.415456,75.0,2.16
20:26:12.515881,85.0,2.16
20:26:12.616162,78.94736842105263,2.16
20:26:12.717011,76.19047619047619,2.16
20:26:12.817352,78.94736842105263,2.16
20:26:12.917666,80.95238095238095,2.16
20:26:13.017960,84.21052631578947,2.16
20:26:13.119452,71.42857142857143,2.16
20:26:13.219776,80.0,2.16
20:26:13.320065,75.0,2.16
20:26:13.420424,78.94736842105263,2.16
20:26:13.520745,85.71428571428572,2.16
20:26:13.621049,89.47368421052632,2.16
20:26:13.721540,80.95238095238095,2.16
20:26:13.822437,85.0,2.16
20:26:13.922765,80.0,2.16
20:26:14.024454,76.19047619047619,2.16
20:26:14.124799,89.47368421052632,2.16
20:26:14.225152,80.0,2.16
20:26:14.325462,85.0,2.16
20:26:14.426441,95.23809523809523,2.16
20:26:14.528452,75.0,2.16
20:26:14.628729,65.0,2.16
20:26:14.729674,84.21052631578947,2.16
20:26:14.833474,77.27272727272727,2.16
20:26:14.934441,84.21052631578947,2.16
20:26:15.036543,76.19047619047619,2.16
20:26:15.136880,80.0,2.16
20:26:15.237201,75.0,2.16
20:26:15.337448,80.0,2.16
20:26:15.437768,75.0,2.16
20:26:15.538076,90.47619047619048,2.16
20:26:15.638473,85.0,2.16
20:26:15.739430,70.0,2.16
20:26:15.839688,85.0,2.16
20:26:15.943432,80.0,2.16
20:26:16.043715,80.0,2.16
20:26:16.144032,78.94736842105263,2.16
20:26:16.244400,76.19047619047619,2.16
20:26:16.344677,84.21052631578947,2.16
20:26:16.444937,76.19047619047619,2.16
20:26:16.545823,80.95238095238095,2.16
20:26:16.650024,90.0,2.07
20:26:16.750812,100.0,2.07
20:26:16.852658,100.0,2.07
20:26:16.952945,73.6842105263158,2.07
20:26:17.054450,94.73684210526316,2.07
20:26:17.154747,80.95238095238095,2.07
20:26:17.255041,75.0,2.07
20:26:17.355470,75.0,2.07
20:26:17.456460,85.0,2.07
20:26:17.556745,85.0,2.07
20:26:17.657022,75.0,2.07
20:26:17.757266,71.42857142857143,2.07
20:26:17.857523,78.94736842105263,2.07
20:26:17.957999,75.0,2.07
20:26:18.059466,71.42857142857143,2.07
20:26:18.159764,73.6842105263158,2.07
20:26:18.260094,75.0,2.07
20:26:18.360383,85.0,2.07
20:26:18.460720,80.0,2.07
20:26:18.562486,76.19047619047619,2.07
20:26:18.662817,80.0,2.07
20:26:18.763161,65.0,2.07
20:26:18.863458,75.0,2.07
20:26:18.964452,78.94736842105263,2.07
20:26:19.064732,80.0,2.07
20:26:19.165121,80.0,2.07
20:26:19.265675,75.0,2.07
20:26:19.365966,80.0,2.07
20:26:19.467502,76.19047619047619,2.07
20:26:19.567812,73.6842105263158,2.07
20:26:19.670546,80.95238095238095,2.07
20:26:19.772445,76.19047619047619,2.07
20:26:19.872718,78.94736842105263,2.07
20:26:19.973043,85.0,2.07
20:26:20.075438,85.71428571428572,2.07
20:26:20.175749,80.95238095238095,2.07
20:26:20.276114,94.73684210526316,2.07
20:26:20.376472,65.0,2.07
20:26:20.478571,90.0,2.07
20:26:20.580448,85.71428571428572,2.07
20:26:20.680742,89.47368421052632,2.07
20:26:20.781116,80.0,2.07
20:26:20.881406,80.0,2.07
20:26:20.982831,85.0,2.07
20:26:21.086451,81.81818181818181,2.07
20:26:21.186786,75.0,2.07
20:26:21.287145,85.0,2.07
20:26:21.389490,85.0,2.07
20:26:21.489773,85.0,2.07
20:26:21.590182,78.94736842105263,2.14
20:26:21.691435,80.95238095238095,2.14
20:26:21.794892,85.0,2.14
20:26:21.895144,75.0,2.14
20:26:21.995435,80.0,2.14
20:26:22.095722,80.0,2.14
20:26:22.196049,84.21052631578947,2.14
20:26:22.298551,80.95238095238095,2.14
20:26:22.399051,68.42105263157895,2.14
20:26:22.499486,81.81818181818181,2.14
20:26:22.599743,84.21052631578947,2.14
20:26:22.701521,75.0,2.14
20:26:22.801771,85.71428571428572,2.14
20:26:22.902065,78.94736842105263,2.14
20:26:23.002398,80.0,2.14
20:26:23.103501,75.0,2.14
20:26:23.203774,80.95238095238095,2.14
20:26:23.304077,88.88888888888889,2.14
20:26:23.404414,90.0,2.14
20:26:23.506578,71.42857142857143,2.14
20:26:23.608473,80.95238095238095,2.14
20:26:23.710450,85.0,2.14
20:26:23.810721,80.0,2.14
20:26:23.911148,80.95238095238095,2.14
20:26:24.012454,85.0,2.14
20:26:24.112745,70.0,2.14
20:26:24.214537,90.0,2.14
20:26:24.316444,75.0,2.14
20:26:24.416766,75.0,2.14
20:26:24.517469,85.0,2.14
20:26:24.617789,80.0,2.14
20:26:24.718115,76.19047619047619,2.14
20:26:24.819459,84.21052631578947,2.14
20:26:24.919720,75.0,2.14
20:26:25.021600,80.95238095238095,2.14
20:26:25.121954,94.73684210526316,2.14
20:26:25.224477,80.95238095238095,2.14
20:26:25.324766,75.0,2.14
20:26:25.425073,80.95238095238095,2.14
20:26:25.525710,78.94736842105263,2.14
20:26:25.628438,76.19047619047619,2.14
20:26:25.728731,75.0,2.14
20:26:25.828992,85.0,2.14
20:26:25.929382,80.0,2.14
20:26:26.029776,89.47368421052632,2.14
20:26:26.130084,80.0,2.14
20:26:26.230435,80.95238095238095,2.14
20:26:26.330783,78.94736842105263,2.14
20:26:26.432773,70.0,2.14
20:26:26.534466,80.95238095238095,2.14
20:26:26.634739,85.0,2.05
20:26:26.735233,73.6842105263158,2.05
20:26:26.835615,80.0,2.05
20:26:26.935925,80.95238095238095,2.05
20:26:27.037461,84.21052631578947,2.05
20:26:27.137717,80.95238095238095,2.05
20:26:27.238045,90.0,2.05
20:26:27.338404,75.0,2.05
20:26:27.439530,75.0,2.05
20:26:27.539777,85.0,2.05
20:26:27.641342,84.21052631578947,2.05
20:26:27.741581,80.95238095238095,2.05
20:26:27.841881,90.0,2.05
20:26:27.942231,75.0,2.05
20:26:28.042650,80.0,2.05
20:26:28.143529,84.21052631578947,2.05
20:26:28.244512,85.71428571428572,2.05
20:26:28.345512,90.0,2.05
20:26:28.446449,85.0,2.05
20:26:28.548458,85.71428571428572,2.05
20:26:28.648705,75.0,2.05
20:26:28.749437,90.0,2.05
20:26:28.849784,70.0,2.05
20:26:28.950022,90.0,2.05
20:26:29.052542,71.42857142857143,2.05
20:26:29.152962,65.0,2.05
20:26:29.253382,83.33333333333334,2.05
20:26:29.355581,81.81818181818181,2.05
20:26:29.455911,75.0,2.05
20:26:29.556453,89.47368421052632,2.05
20:26:29.657603,80.0,2.05
20:26:29.757929,76.19047619047619,2.05
20:26:29.858289,78.94736842105263,2.05
20:26:29.958649,76.19047619047619,2.05
20:26:30.058963,78.94736842105263,2.05
20:26:30.161522,80.95238095238095,2.05
20:26:30.261779,78.94736842105263,2.05
20:26:30.362078,86.36363636363636,2.05
20:26:30.463490,78.94736842105263,2.05
20:26:30.565444,80.95238095238095,2.05
20:26:30.665693,78.94736842105263,2.05
20:26:30.765985,85.0,2.05
20:26:30.866292,80.95238095238095,2.05
20:26:30.966659,83.33333333333334,2.05
20:26:31.066986,76.19047619047619,2.05
20:26:31.167291,85.0,2.05
20:26:31.269566,80.0,2.05
20:26:31.369822,90.0,2.05
20:26:31.473445,70.0,2.05
20:26:31.573701,85.71428571428572,2.05
20:26:31.673963,80.0,2.13
20:26:31.774243,90.0,2.13
20:26:31.874572,78.94736842105263,2.13
20:26:31.977433,80.95238095238095,2.13
20:26:32.077707,85.0,2.13
20:26:32.179319,78.94736842105263,2.13
20:26:32.280665,85.71428571428572,2.13
20:26:32.383566,81.81818181818181,2.13
20:26:32.483821,84.21052631578947,2.13
20:26:32.584090,78.94736842105263,2.13
20:26:32.684432,85.71428571428572,2.13
20:26:32.784704,80.0,2.13
20:26:32.885047,89.47368421052632,2.13
20:26:32.988518,76.19047619047619,2.13
20:26:33.088751,84.21052631578947,2.13
20:26:33.189049,80.95238095238095,2.13
20:26:33.289565,73.6842105263158,2.13
20:26:33.389871,85.0,2.13
20:26:33.491130,76.19047619047619,2.13
20:26:33.593536,90.0,2.13
20:26:33.693961,70.0,2.13
20:26:33.797475,90.0,2.13
20:26:33.897842,80.0,2.13
20:26:33.998418,80.0,2.13
20:26:34.099419,85.71428571428572,2.13
20:26:34.199707,85.0,2.13
20:26:34.299998,78.94736842105263,2.13
20:26:34.402657,80.95238095238095,2.13
20:26:34.503102,66.66666666666667,2.13
20:26:34.603568,65.0,2.13
20:26:34.703879,73.6842105263158,2.13
20:26:34.805705,76.19047619047619,2.13
20:26:34.906443,73.6842105263158,2.13
20:26:35.006800,76.19047619047619,2.13
20:26:35.108466,80.0,2.13
20:26:35.208756,75.0,2.13
20:26:35.309385,75.0,2.13
20:26:35.410459,80.0,2.13
20:26:35.510843,75.0,2.13
20:26:35.611167,78.94736842105263,2.13
20:26:35.711585,80.95238095238095,2.13
20:26:35.811959,78.94736842105263,2.13
20:26:35.912372,80.95238095238095,2.13
20:26:36.013442,80.0,2.13
20:26:36.113713,73.6842105263158,2.13
20:26:36.214116,80.0,2.13
20:26:36.314564,76.19047619047619,2.13
20:26:36.416458,75.0,2.13
20:26:36.516737,70.0,2.13
20:26:36.617439,65.0,2.2
20:26:36.717703,73.6842105263158,2.2
20:26:36.821442,76.19047619047619,2.2
20:26:36.921712,75.0,2.2
20:26:37.021969,78.94736842105263,2.2
20:26:37.122232,80.0,2.2
20:26:37.222592,77.27272727272727,2.2
20:26:37.322918,73.6842105263158,2.2
20:26:37.423395,65.0,2.2
20:26:37.523743,80.95238095238095,2.2
20:26:37.625543,80.0,2.2
20:26:37.725982,75.0,2.2
20:26:37.826413,75.0,2.2
20:26:37.928605,85.0,2.2
20:26:38.029097,70.0,2.2
20:26:38.129428,73.6842105263158,2.2
20:26:38.229714,76.19047619047619,2.2
20:26:38.330068,84.21052631578947,2.2
20:26:38.431215,85.0,2.2
20:26:38.531543,71.42857142857143,2.2
20:26:38.631839,78.94736842105263,2.2
20:26:38.732498,85.71428571428572,2.2
20:26:38.832936,70.0,2.2
20:26:38.933350,90.0,2.2
20:26:39.034448,85.0,2.2
20:26:39.134750,75.0,2.2
20:26:39.235089,80.0,2.2
20:26:39.335397,85.0,2.2
20:26:39.435732,78.94736842105263,2.2
20:26:39.535973,80.0,2.2
20:26:39.636214,90.47619047619048,2.2
20:26:39.736426,73.6842105263158,2.2
20:26:39.836734,66.66666666666667,2.2
20:26:39.938438,85.0,2.2
20:26:40.038714,89.47368421052632,2.2
20:26:40.139037,90.0,2.2
20:26:40.243476,90.47619047619048,2.2
20:26:40.343773,80.0,2.2
20:26:40.444078,90.47619047619048,2.2
20:26:40.544446,90.0,2.2
20:26:40.645432,71.42857142857143,2.2
20:26:40.745690,80.0,2.2
20:26:40.846007,75.0,2.2
20:26:40.946334,78.94736842105263,2.2
20:26:41.049441,90.0,2.2
20:26:41.150434,85.71428571428572,2.2
20:26:41.250720,89.47368421052632,2.2
20:26:41.351037,85.71428571428572,2.2
20:26:41.451357,80.0,2.2
20:26:41.553441,85.71428571428572,2.2
20:26:41.653711,78.94736842105263,2.02
20:26:41.753978,75.0,2.02
20:26:41.855470,85.0,2.02
20:26:41.955749,80.0,2.02
20:26:42.056061,80.0,2.02
20:26:42.156367,85.71428571428572,2.02
20:26:42.257603,68.42105263157895,2.02
20:26:42.358530,85.0,2.02
20:26:42.459433,80.0,2.02
20:26:42.561426,77.27272727272727,2.02
20:26:42.661782,84.21052631578947,2.02
20:26:42.764426,75.0,2.02
20:26:42.864695,78.94736842105263,2.02
20:26:42.965020,71.42857142857143,2.02
20:26:43.065309,70.0,2.02
20:26:43.165573,68.42105263157895,2.02
20:26:43.266033,66.66666666666667,2.02
20:26:43.366667,68.42105263157895,2.02
20:26:43.468238,71.42857142857143,2.02
20:26:43.568596,71.42857142857143,2.02
20:26:43.668864,85.0,2.02
20:26:43.769167,80.0,2.02
20:26:43.869439,80.0,2.02
20:26:43.970645,70.0,2.02
20:26:44.070986,65.0,2.02
20:26:44.173611,80.0,2.02
20:26:44.273911,90.47619047619048,2.02
20:26:44.374210,84.21052631578947,2.02
20:26:44.476767,95.0,2.02
20:26:44.577062,100.0,2.02
20:26:44.677441,75.0,2.02
20:26:44.779453,75.0,2.02
20:26:44.881459,80.0,2.02
20:26:44.981726,76.19047619047619,2.02
20:26:45.082063,89.47368421052632,2.02
20:26:45.183167,76.19047619047619,2.02
20:26:45.283462,94.73684210526316,2.02
20:26:45.383768,80.95238095238095,2.02
20:26:45.484070,89.47368421052632,2.02
20:26:45.586529,81.81818181818181,2.02
20:26:45.686781,84.21052631578947,2.02
20:26:45.787011,78.94736842105263,2.02
20:26:45.887287,80.95238095238095,2.02
20:26:45.987590,73.6842105263158,2.02
20:26:46.087904,94.73684210526316,2.02
20:26:46.188222,70.0,2.02
20:26:46.289498,81.81818181818181,2.02
20:26:46.389792,70.0,2.02
20:26:46.491472,85.0,2.02
20:26:46.591737,80.0,2.02
20:26:46.692112,73.6842105263158,2.18
20:26:46.792432,76.19047619047619,2.18
20:26:46.893465,84.21052631578947,2.18
20:26:46.993738,76.19047619047619,2.18
20:26:47.094028,89.47368421052632,2.18
20:26:47.195786,76.19047619047619,2.18
20:26:47.296139,65.0,2.18
20:26:47.396579,73.6842105263158,2.18
20:26:47.496929,80.0,2.18
20:26:47.598434,76.19047619047619,2.18
20:26:47.698710,80.0,2.18
20:26:47.798977,80.0,2.18
20:26:47.899264,75.0,2.18
20:26:47.999811,80.0,2.18
20:26:48.100103,85.71428571428572,2.18
20:26:48.200390,68.42105263157895,2.18
20:26:48.301516,78.94736842105263,2.18
20:26:48.401819,85.0,2.18
20:26:48.502125,71.42857142857143,2.18
20:26:48.602584,76.19047619047619,2.18
20:26:48.704464,83.33333333333334,2.18
20:26:48.804826,77.27272727272727,2.18
20:26:48.905198,78.94736842105263,2.18
20:26:49.007590,76.19047619047619,2.18
20:26:49.107941,75.0,2.18
20:26:49.209562,73.6842105263158,2.18
20:26:49.309911,85.71428571428572,2.18
20:26:49.410285,80.0,2.18
20:26:49.510584,75.0,2.18
20:26:49.610898,85.0,2.18
20:26:49.711211,73.6842105263158,2.18
20:26:49.811444,80.95238095238095,2.18
20:26:49.911799,80.0,2.18
20:26:50.012452,78.94736842105263,2.18
20:26:50.112865,75.0,2.18
20:26:50.213467,80.0,2.18
20:26:50.313924,85.0,2.18
20:26:50.414211,80.0,2.18
20:26:50.514540,80.0,2.18
20:26:50.615454,71.42857142857143,2.18
20:26:50.715727,84.21052631578947,2.18
20:26:50.816033,80.0,2.18
20:26:50.916379,80.95238095238095,2.18
20:26:51.018548,85.0,2.18
20:26:51.118916,70.0,2.18
20:26:51.220442,85.0,2.18
20:26:51.320740,80.0,2.18
20:26:51.421051,76.19047619047619,2.18
20:26:51.521512,78.94736842105263,2.18
20:26:51.623539,80.0,2.09
20:26:51.723863,80.95238095238095,2.09
20:26:51.825439,78.94736842105263,2.09
20:26:51.925675,80.95238095238095,2.09
20:26:52.025954,78.94736842105263,2.09
20:26:52.126340,70.0,2.09
20:26:52.226819,80.0,2.09
20:26:52.328569,80.95238095238095,2.09
20:26:52.428899,78.94736842105263,2.09
20:26:52.529265,71.42857142857143,2.09
20:26:52.630424,73.6842105263158,2.09
20:26:52.730705,77.27272727272727,2.09
20:26:52.830952,89.47368421052632,2.09
20:26:52.931446,80.95238095238095,2.09
20:26:53.032849,73.6842105263158,2.09
20:26:53.133110,90.0,2.09
20:26:53.233434,85.0,2.09
20:26:53.333717,80.95238095238095,2.09
20:26:53.433978,78.94736842105263,2.09
20:26:53.536536,80.0,2.09
20:26:53.636778,85.0,2.09
20:26:53.737032,80.0,2.09
20:26:53.837300,80.0,2.09
20:26:53.937554,75.0,2.09
20:26:54.037847,85.0,2.09
20:26:54.138117,85.0,2.09
20:26:54.238453,85.0,2.09
20:26:54.338747,70.0,2.09
20:26:54.439525,75.0,2.09
20:26:54.540544,75.0,2.09
20:26:54.640858,78.94736842105263,2.09
20:26:54.741173,80.95238095238095,2.09
20:26:54.841575,73.6842105263158,2.09
20:26:54.941927,76.19047619047619,2.09
20:26:55.042389,75.0,2.09
20:26:55.144324,90.0,2.09
20:26:55.244604,80.95238095238095,2.09
20:26:55.344864,84.21052631578947,2.09
20:26:55.445266,80.0,2.09
20:26:55.545593,75.0,2.09
20:26:55.646543,80.0,2.09
20:26:55.747411,80.0,2.09
20:26:55.847688,76.19047619047619,2.09
20:26:55.947996,77.77777777777779,2.09
20:26:56.050564,82.6086956521739,2.09
20:26:56.150902,84.21052631578947,2.09
20:26:56.251448,80.0,2.09
20:26:56.353465,75.0,2.09
20:26:56.453754,76.19047619047619,2.09
20:26:56.554038,83.33333333333334,2.09
20:26:56.654424,80.0,2.08
20:26:56.755432,77.27272727272727,2.08
20:26:56.855702,80.0,2.08
20:26:56.958442,75.0,2.08
20:26:57.059780,85.0,2.08
20:26:57.160093,80.0,2.08
20:26:57.260408,75.0,2.08
20:26:57.360668,85.0,2.08
20:26:57.460946,78.94736842105263,2.08
20:26:57.561195,80.0,2.08
20:26:57.661505,76.19047619047619,2.08
20:26:57.761838,76.19047619047619,2.08
20:26:57.862466,80.0,2.08
20:26:57.962727,73.6842105263158,2.08
20:26:58.063524,76.19047619047619,2.08
20:26:58.163834,84.21052631578947,2.08
20:26:58.264180,85.71428571428572,2.08
20:26:58.364654,73.6842105263158,2.08
20:26:58.465537,80.0,2.08
20:26:58.565918,85.0,2.08
20:26:58.666241,75.0,2.08
20:26:58.767586,80.0,2.08
20:26:58.868500,75.0,2.08
20:26:58.968774,80.0,2.08
20:26:59.069071,76.19047619047619,2.08
20:26:59.169411,80.0,2.08
20:26:59.269738,88.88888888888889,2.08
20:26:59.370205,72.72727272727273,2.08
20:26:59.471492,80.95238095238095,2.08
20:26:59.571800,80.0,2.08
20:26:59.672082,73.6842105263158,2.08
20:26:59.772390,80.0,2.08
20:26:59.872634,70.0,2.08
20:26:59.972930,85.0,2.08
20:27:00.077496,80.0,2.08
20:27:00.177790,71.42857142857143,2.08
20:27:00.278102,85.0,2.08
20:27:00.378598,73.6842105263158,2.08
20:27:00.479566,76.19047619047619,2.08
20:27:00.579866,70.0,2.08
20:27:00.680200,89.47368421052632,2.08
20:27:00.782532,77.27272727272727,2.08
20:27:00.883035,73.6842105263158,2.08
20:27:00.983487,65.0,2.08
20:27:01.084564,80.0,2.08
20:27:01.184865,80.0,2.08
20:27:01.285228,80.0,2.08
20:27:01.386550,85.0,2.08
20:27:01.486919,66.66666666666667,2.08
20:27:01.594428,75.0,2.08
20:27:01.694725,76.19047619047619,1.99
20:27:01.795030,84.21052631578947,1.99
20:27:01.896546,80.0,1.99
20:27:01.996791,80.95238095238095,1.99
20:27:02.097029,85.0,1.99
20:27:02.197330,85.0,1.99
20:27:02.297615,84.21052631578947,1.99
20:27:02.397978,90.47619047619048,1.99
20:27:02.498238,75.0,1.99
20:27:02.598548,94.73684210526316,1.99
20:27:02.698776,76.19047619047619,1.99
20:27:02.799489,90.0,1.99
20:27:02.900429,78.94736842105263,1.99
20:27:03.000788,76.19047619047619,1.99
20:27:03.101146,80.0,1.99
20:27:03.203463,80.0,1.99
20:27:03.303799,90.0,1.99
20:27:03.404108,85.0,1.99
20:27:03.504490,80.0,1.99
20:27:03.604818,85.71428571428572,1.99
20:27:03.706532,80.0,1.99
20:27:03.806797,80.0,1.99
20:27:03.907201,60.0,1.99
20:27:04.007598,78.94736842105263,1.99
20:27:04.108439,70.0,1.99
20:27:04.208692,76.19047619047619,1.99
20:27:04.309049,80.95238095238095,1.99
20:27:04.409414,83.33333333333334,1.99
20:27:04.509946,80.0,1.99
20:27:04.611441,71.42857142857143,1.99
20:27:04.711687,75.0,1.99
20:27:04.811971,70.0,1.99
20:27:04.912222,90.0,1.99
20:27:05.012577,80.0,1.99
20:27:05.112843,85.71428571428572,1.99
20:27:05.213176,75.0,1.99
20:27:05.313647,80.0,1.99
20:27:05.414007,73.6842105263158,1.99
20:27:05.516546,85.0,1.99
20:27:05.616829,76.19047619047619,1.99
20:27:05.717192,68.42105263157895,1.99
20:27:05.818413,80.95238095238095,1.99
20:27:05.919459,73.6842105263158,1.99
20:27:06.019700,81.81818181818181,1.99
20:27:06.120109,78.94736842105263,1.99
20:27:06.220436,85.0,1.99
20:27:06.320748,84.21052631578947,1.99
20:27:06.421457,80.95238095238095,1.99
20:27:06.521783,76.19047619047619,1.99
20:27:06.622061,83.33333333333334,2.07
20:27:06.722373,90.47619047619048,2.07
20:27:06.823523,80.0,2.07
20:27:06.923775,80.0,2.07
20:27:07.024040,70.0,2.07
20:27:07.124291,89.47368421052632,2.07
20:27:07.224591,85.71428571428572,2.07
20:27:07.324936,70.0,2.07
20:27:07.426581,75.0,2.07
20:27:07.526846,90.0,2.07
20:27:07.627108,89.47368421052632,2.07
20:27:07.727386,80.95238095238095,2.07
20:27:07.829435,80.0,2.07
20:27:07.929677,75.0,2.07
20:27:08.029964,84.21052631578947,2.07
20:27:08.131424,76.19047619047619,2.07
20:27:08.231682,75.0,2.07
20:27:08.331964,85.71428571428572,2.07
20:27:08.432321,73.6842105263158,2.07
20:27:08.532677,70.0,2.07
20:27:08.632992,85.0,2.07
20:27:08.733255,80.0,2.07
20:27:08.835516,80.95238095238095,2.07
20:27:08.938426,80.0,2.07
20:27:09.038667,80.0,2.07
20:27:09.139450,90.0,2.07
20:27:09.239697,80.0,2.07
20:27:09.339959,84.21052631578947,2.07
20:27:09.440242,75.0,2.07
20:27:09.540542,85.0,2.07
20:27:09.641441,84.21052631578947,2.07
20:27:09.741719,85.71428571428572,2.07
20:27:09.844438,75.0,2.07
20:27:09.944703,85.0,2.07
20:27:10.044963,85.71428571428572,2.07
20:27:10.146603,100.0,2.07
20:27:10.246920,68.42105263157895,2.07
20:27:10.347193,76.19047619047619,2.07
20:27:10.448452,75.0,2.07
20:27:10.548844,80.0,2.07
20:27:10.650444,80.0,2.07
20:27:10.750977,85.71428571428572,2.07
20:27:10.851227,94.73684210526316,2.07
20:27:10.952509,70.0,2.07
20:27:11.056436,85.71428571428572,2.07
20:27:11.156715,85.0,2.07
20:27:11.257819,80.0,2.07
20:27:11.358106,76.19047619047619,2.07
20:27:11.459501,75.0,2.07
20:27:11.559795,78.94736842105263,2.07
20:27:11.660095,80.0,2.15
20:27:11.760426,75.0,2.15
20:27:11.862429,80.95238095238095,2.15
20:27:11.962658,85.0,2.15
20:27:12.062915,80.95238095238095,2.15
20:27:12.163201,84.21052631578947,2.15
20:27:12.264503,80.95238095238095,2.15
20:27:12.364823,80.0,2.15
20:27:12.465154,68.42105263157895,2.15
20:27:12.565539,90.0,2.15
20:27:12.665900,75.0,2.15
20:27:12.768613,75.0,2.15
20:27:12.869451,80.0,2.15
20:27:12.969782,80.0,2.15
20:27:13.070138,70.0,2.15
20:27:13.172250,76.19047619047619,2.15
20:27:13.272596,80.0,2.15
20:27:13.376484,90.47619047619048,2.15
20:27:13.476760,94.73684210526316,2.15
20:27:13.577018,75.0,2.15
20:27:13.677347,84.21052631578947,2.15
20:27:13.777650,71.42857142857143,2.15
20:27:13.877980,73.6842105263158,2.15
20:27:13.978322,85.0,2.15
20:27:14.079471,76.19047619047619,2.15
20:27:14.179820,80.0,2.15
20:27:14.280178,78.94736842105263,2.15
20:27:14.381114,75.0,2.15
20:27:14.481427,85.0,2.15
20:27:14.583520,86.36363636363636,2.15
20:27:14.683832,80.0,2.15
20:27:14.784316,70.0,2.15
20:27:14.885424,75.0,2.15
20:27:14.986633,80.0,2.15
20:27:15.086882,84.21052631578947,2.15
20:27:15.189419,85.71428571428572,2.15
20:27:15.289700,73.6842105263158,2.15
20:27:15.389991,75.0,2.15
20:27:15.490270,80.95238095238095,2.15
20:27:15.590574,90.0,2.15
20:27:15.690836,78.94736842105263,2.15
20:27:15.791101,85.0,2.15
20:27:15.891433,90.47619047619048,2.15
20:27:15.991739,80.0,2.15
20:27:16.091992,94.73684210526316,2.15
20:27:16.192352,80.95238095238095,2.15
20:27:16.292719,78.94736842105263,2.15
20:27:16.394480,85.0,2.15
20:27:16.495265,80.0,2.15
20:27:16.598432,75.0,2.06
20:27:16.698839,76.19047619047619,2.06
20:27:16.799205,75.0,2.06
20:27:16.899635,70.0,2.06
20:27:17.000399,85.0,2.06
20:27:17.101450,85.0,2.06
20:27:17.201819,80.0,2.06
20:27:17.302164,75.0,2.06
20:27:17.402454,84.21052631578947,2.06
20:27:17.503604,76.19047619047619,2.06
20:27:17.603883,84.21052631578947,2.06
20:27:17.704157,75.0,2.06
20:27:17.804445,75.0,2.06
20:27:17.904732,76.19047619047619,2.06
20:27:18.005445,80.0,2.06
20:27:18.105764,80.0,2.06
20:27:18.206055,70.0,2.06
20:27:18.306501,76.19047619047619,2.06
20:27:18.407586,78.94736842105263,2.06
20:27:18.508053,73.6842105263158,2.06
20:27:18.608350,80.95238095238095,2.06
20:27:18.709468,85.0,2.06
20:27:18.809745,78.94736842105263,2.06
20:27:18.910033,80.0,2.06
20:27:19.010329,80.95238095238095,2.06
20:27:19.110593,90.0,2.06
20:27:19.211536,80.0,2.06
20:27:19.311828,80.0,2.06
20:27:19.412119,80.0,2.06
20:27:19.512428,90.0,2.06
20:27:19.612834,73.6842105263158,2.06
20:27:19.714425,85.0,2.06
20:27:19.815520,85.71428571428572,2.06
20:27:19.915781,80.0,2.06
20:27:20.016039,80.95238095238095,2.06
20:27:20.116386,78.94736842105263,2.06
20:27:20.218516,80.95238095238095,2.06
20:27:20.318845,76.19047619047619,2.06
20:27:20.419262,80.0,2.06
20:27:20.520451,85.0,2.06
20:27:20.620707,89.47368421052632,2.06
20:27:20.720960,85.0,2.06
20:27:20.821427,80.95238095238095,2.06
20:27:20.921702,84.21052631578947,2.06
20:27:21.022467,84.21052631578947,2.06
20:27:21.122788,71.42857142857143,2.06
20:27:21.223482,85.71428571428572,2.06
20:27:21.323843,68.42105263157895,2.06
20:27:21.425619,85.0,2.06
20:27:21.525990,80.0,2.06
20:27:21.626490,80.95238095238095,2.13
20:27:21.728470,80.0,2.13
20:27:21.828915,80.0,2.13
20:27:21.930436,70.0,2.13
20:27:22.032439,80.0,2.13
20:27:22.132695,80.95238095238095,2.13
20:27:22.232930,80.0,2.13
20:27:22.333204,80.0,2.13
20:27:22.433532,85.0,2.13
20:27:22.533806,78.94736842105263,2.13
20:27:22.635625,75.0,2.13
20:27:22.735899,80.95238095238095,2.13
20:27:22.836245,78.94736842105263,2.13
20:27:22.937442,81.81818181818181,2.13
20:27:23.037697,78.94736842105263,2.13
20:27:23.138129,68.42105263157895,2.13
20:27:23.238469,71.42857142857143,2.13
20:27:23.338755,73.6842105263158,2.13
20:27:23.439031,80.95238095238095,2.13
20:27:23.541530,75.0,2.13
20:27:23.641799,75.0,2.13
20:27:23.742340,71.42857142857143,2.13
20:27:23.843455,75.0,2.13
20:27:23.943758,80.0,2.13
20:27:24.044028,78.94736842105263,2.13
20:27:24.144386,76.19047619047619,2.13
20:27:24.245529,78.94736842105263,2.13
20:27:24.345968,66.66666666666667,2.13
20:27:24.446352,73.6842105263158,2.13
20:27:24.548556,80.0,2.13
20:27:24.650471,75.0,2.13
20:27:24.750734,85.0,2.13
20:27:24.851082,80.0,2.13
20:27:24.952439,80.0,2.13
20:27:25.052739,76.19047619047619,2.13
20:27:25.153509,90.47619047619048,2.13
20:27:25.253793,83.33333333333334,2.13
20:27:25.354189,76.19047619047619,2.13
20:27:25.455466,65.0,2.13
20:27:25.555825,78.94736842105263,2.13
20:27:25.656205,85.71428571428572,2.13
20:27:25.756528,85.0,2.13
20:27:25.857439,70.0,2.13
20:27:25.957704,90.0,2.13
20:27:26.058004,90.0,2.13
20:27:26.158331,78.94736842105263,2.13
20:27:26.258703,71.42857142857143,2.13
20:27:26.360470,80.0,2.13
20:27:26.462486,75.0,2.13
20:27:26.562759,76.19047619047619,2.13
20:27:26.663030,84.21052631578947,2.04
20:27:26.763306,77.27272727272727,2.04
20:27:26.864417,89.47368421052632,2.04
20:27:26.964698,89.47368421052632,2.04
20:27:27.066468,80.0,2.04
20:27:27.166787,85.0,2.04
20:27:27.267096,90.47619047619048,2.04
20:27:27.369475,80.95238095238095,2.04
20:27:27.469843,85.0,2.04
20:27:27.570239,80.0,2.04
20:27:27.672572,85.0,2.04
20:27:27.772873,88.88888888888889,2.04
20:27:27.876497,81.81818181818181,2.04
20:27:27.976821,70.0,2.04
20:27:28.077090,80.0,2.04
20:27:28.177366,80.95238095238095,2.04
20:27:28.277676,84.21052631578947,2.04
20:27:28.378034,75.0,2.04
20:27:28.480614,80.95238095238095,2.04
20:27:28.580925,85.0,2.04
20:27:28.681199,80.0,2.04
20:27:28.781606,73.6842105263158,2.04
20:27:28.881921,85.0,2.04
20:27:28.985481,71.42857142857143,2.04
20:27:29.085788,85.0,2.04
20:27:29.186089,80.95238095238095,2.04
20:27:29.286482,73.6842105263158,2.04
20:27:29.387602,75.0,2.04
20:27:29.487956,80.0,2.04
20:27:29.588494,80.0,2.04
20:27:29.690425,76.19047619047619,2.04
20:27:29.790673,84.21052631578947,2.04
20:27:29.891002,80.95238095238095,2.04
20:27:29.991415,70.0,2.04
20:27:30.091721,75.0,2.04
20:27:30.192526,84.21052631578947,2.04
20:27:30.292772,85.0,2.04
20:27:30.393122,76.19047619047619,2.04
20:27:30.493478,78.94736842105263,2.04
20:27:30.594466,71.42857142857143,2.04
20:27:30.694735,84.21052631578947,2.04
20:27:30.794986,80.0,2.04
20:27:30.895324,75.0,2.04
20:27:30.995801,76.19047619047619,2.04
20:27:31.096223,73.6842105263158,2.04
20:27:31.196564,78.94736842105263,2.04
20:27:31.296887,81.81818181818181,2.04
20:27:31.399576,80.95238095238095,2.04
20:27:31.499876,73.6842105263158,2.04
20:27:31.600178,75.0,2.04
20:27:31.700460,85.0,1.96
20:27:31.800838,80.0,1.96
20:27:31.901486,85.0,1.96
20:27:32.001842,78.94736842105263,1.96
20:27:32.102143,81.81818181818181,1.96
20:27:32.203546,80.0,1.96
20:27:32.303808,73.6842105263158,1.96
20:27:32.404115,85.0,1.96
20:27:32.504438,80.0,1.96
20:27:32.604753,76.19047619047619,1.96
20:27:32.705649,73.6842105263158,1.96
20:27:32.806450,90.47619047619048,1.96
20:27:32.908451,75.0,1.96
20:27:33.008705,85.0,1.96
20:27:33.109485,76.19047619047619,1.96
20:27:33.209753,80.0,1.96
20:27:33.310015,85.0,1.96
20:27:33.410308,85.0,1.96
20:27:33.510600,68.42105263157895,1.96
20:27:33.610941,75.0,1.96
20:27:33.711267,75.0,1.96
20:27:33.813415,80.95238095238095,1.96
20:27:33.913729,75.0,1.96
20:27:34.014097,80.0,1.96
20:27:34.114505,84.21052631578947,1.96
20:27:34.215448,76.19047619047619,1.96
20:27:34.315720,78.94736842105263,1.96
20:27:34.416014,85.71428571428572,1.96
20:27:34.516366,77.77777777777779,1.96
20:27:34.616648,71.42857142857143,1.96
20:27:34.717061,80.0,1.96
20:27:34.817429,73.6842105263158,1.96
20:27:34.919524,76.19047619047619,1.96
20:27:35.019863,85.0,1.96
20:27:35.120164,75.0,1.96
20:27:35.220430,85.0,1.96
20:27:35.321234,75.0,1.96
20:27:35.423479,85.71428571428572,1.96
20:27:35.523779,85.0,1.96
20:27:35.624073,80.0,1.96
20:27:35.726504,80.0,1.96
20:27:35.826761,80.95238095238095,1.96
20:27:35.927008,78.94736842105263,1.96
20:27:36.027444,90.0,1.96
20:27:36.127687,76.19047619047619,1.96
20:27:36.227957,75.0,1.96
20:27:36.329425,85.0,1.96
20:27:36.429709,89.47368421052632,1.96
20:27:36.529997,85.0,1.96
20:27:36.630876,80.0,1.96
20:27:36.731152,78.94736842105263,1.96
20:27:36.831457,80.95238095238095,1.96
20:27:36.931715,83.33333333333334,1.96
20:27:37.032648,78.26086956521739,1.96
20:27:37.133469,78.94736842105263,1.96
20:27:37.233821,85.0,1.96
20:27:37.334125,78.94736842105263,1.96
20:27:37.434514,76.19047619047619,1.96
20:27:37.535632,78.94736842105263,1.96
20:27:37.636586,66.66666666666667,1.96
20:27:37.738434,80.95238095238095,1.96
20:27:37.838720,80.0,1.96
20:27:37.939043,78.94736842105263,1.96
20:27:38.039335,75.0,1.96
20:27:38.139591,80.95238095238095,1.96
20:27:38.241674,78.94736842105263,1.96
20:27:38.341967,76.19047619047619,1.96
20:27:38.444043,80.95238095238095,1.96
20:27:38.544511,77.77777777777779,1.96
20:27:38.646582,85.71428571428572,1.96
20:27:38.746840,80.0,1.96
20:27:38.847168,75.0,1.96
20:27:38.947494,84.21052631578947,1.96
20:27:39.049429,71.42857142857143,1.96
20:27:39.149743,85.71428571428572,1.96
20:27:39.250090,78.94736842105263,1.96
20:27:39.350340,75.0,1.96
20:27:39.452346,86.36363636363636,1.96
20:27:39.553427,89.47368421052632,1.96
20:27:39.655425,76.19047619047619,1.96
20:27:39.755683,78.94736842105263,1.96
20:27:39.855948,76.19047619047619,1.96
20:27:39.956223,75.0,1.96
20:27:40.059225,90.0,1.96
20:27:40.160495,95.23809523809523,1.96
20:27:40.260795,78.94736842105263,1.96
20:27:40.361477,71.42857142857143,1.96
20:27:40.461820,73.6842105263158,1.96
20:27:40.562198,80.0,1.96
20:27:40.663452,76.19047619047619,1.96
20:27:40.764434,80.0,1.96
20:27:40.864711,80.0,1.96
20:27:40.965426,75.0,1.96
20:27:41.068435,85.0,1.96
20:27:41.168764,76.19047619047619,1.96
20:27:41.269235,78.94736842105263,1.96
20:27:41.369867,80.95238095238095,1.96
20:27:41.470182,75.0,1.96
20:27:41.571548,78.94736842105263,1.96
20:27:41.671847,75.0,1.88
20:27:41.772112,70.0,1.88
20:27:41.873485,100.0,1.88
20:27:41.973776,100.0,1.88
20:27:42.074047,70.0,1.88
20:27:42.174411,90.0,1.88
20:27:42.275462,70.0,1.88
20:27:42.376213,75.0,1.88
20:27:42.476589,76.19047619047619,1.88
20:27:42.578531,68.42105263157895,1.88
20:27:42.679064,85.0,1.88
20:27:42.779504,77.27272727272727,1.88
20:27:42.879977,85.0,1.88
20:27:42.980426,73.6842105263158,1.88
20:27:43.082446,80.0,1.88
20:27:43.182709,85.0,1.88
20:27:43.283005,76.19047619047619,1.88
20:27:43.383371,78.94736842105263,1.88
20:27:43.483719,66.66666666666667,1.88
20:27:43.584549,80.0,1.88
20:27:43.684881,75.0,1.88
20:27:43.785217,70.0,1.88
20:27:43.886442,70.0,1.88
20:27:43.986706,80.0,1.88
20:27:44.087047,80.95238095238095,1.88
20:27:44.187412,72.22222222222221,1.88
20:27:44.288574,71.42857142857143,1.88
20:27:44.388861,75.0,1.88
20:27:44.490473,80.0,1.88
20:27:44.590752,71.42857142857143,1.88
20:27:44.691036,78.94736842105263,1.88
20:27:44.791363,70.0,1.88
20:27:44.891668,70.0,1.88
20:27:44.991924,76.19047619047619,1.88
20:27:45.092311,80.0,1.88
20:27:45.193443,89.47368421052632,1.88
20:27:45.293730,80.95238095238095,1.88
20:27:45.394054,78.94736842105263,1.88
20:27:45.495552,85.71428571428572,1.88
20:27:45.596503,84.21052631578947,1.88
20:27:45.696797,80.0,1.88
20:27:45.798530,78.94736842105263,1.88
20:27:45.900410,76.19047619047619,1.88
20:27:46.000649,100.0,1.88
20:27:46.101035,66.66666666666667,1.88
20:27:46.201457,85.0,1.88
20:27:46.304425,85.71428571428572,1.88
20:27:46.404679,75.0,1.88
20:27:46.505080,84.21052631578947,1.88
20:27:46.606365,84.21052631578947,1.89
20:27:46.706641,71.42857142857143,1.89
20:27:46.806970,75.0,1.89
20:27:46.907308,80.95238095238095,1.89
20:27:47.008579,84.21052631578947,1.89
20:27:47.108849,75.0,1.89
20:27:47.209267,70.0,1.89
20:27:47.309610,80.0,1.89
20:27:47.410114,80.0,1.89
20:27:47.510479,78.94736842105263,1.89
20:27:47.612578,71.42857142857143,1.89
20:27:47.712872,84.21052631578947,1.89
20:27:47.813201,75.0,1.89
20:27:47.913534,76.19047619047619,1.89
20:27:48.014535,78.94736842105263,1.89
20:27:48.114785,85.71428571428572,1.89
20:27:48.215108,75.0,1.89
20:27:48.315472,73.6842105263158,1.89
20:27:48.417477,76.19047619047619,1.89
20:27:48.517826,75.0,1.89
20:27:48.618153,85.0,1.89
20:27:48.719592,75.0,1.89
20:27:48.819936,76.19047619047619,1.89
20:27:48.920206,78.94736842105263,1.89
20:27:49.020801,85.0,1.89
20:27:49.121083,75.0,1.89
20:27:49.221559,85.0,1.89
20:27:49.321862,80.0,1.89
20:27:49.425484,80.95238095238095,1.89
20:27:49.525831,70.0,1.89
20:27:49.626185,80.0,1.89
20:27:49.727474,80.0,1.89
20:27:49.828253,80.0,1.89
20:27:49.928577,75.0,1.89
20:27:50.030460,76.19047619047619,1.89
20:27:50.130721,83.33333333333334,1.89
20:27:50.233455,85.71428571428572,1.89
20:27:50.333689,80.95238095238095,1.89
20:27:50.433989,77.77777777777779,1.89
20:27:50.534348,76.19047619047619,1.89
20:27:50.634687,80.0,1.89
20:27:50.735046,80.0,1.89
20:27:50.835457,80.0,1.89
20:27:50.936532,80.0,1.89
20:27:51.036812,75.0,1.89
20:27:51.137173,71.42857142857143,1.89
20:27:51.238445,73.6842105263158,1.89
20:27:51.338688,80.0,1.89
20:27:51.439006,80.0,1.89
20:27:51.539321,71.42857142857143,1.89
20:27:51.639584,80.95238095238095,1.9
20:27:51.739915,83.33333333333334,1.9
20:27:51.842435,76.19047619047619,1.9
20:27:51.942680,80.0,1.9
20:27:52.043343,78.94736842105263,1.9
20:27:52.143621,76.19047619047619,1.9
20:27:52.243935,73.6842105263158,1.9
20:27:52.344175,85.0,1.9
20:27:52.446566,75.0,1.9
20:27:52.548448,80.95238095238095,1.9
20:27:52.648729,73.6842105263158,1.9
20:27:52.748994,78.94736842105263,1.9
20:27:52.849259,80.95238095238095,1.9
20:27:52.949707,76.19047619047619,1.9
20:27:53.049967,80.0,1.9
20:27:53.152550,70.0,1.9
20:27:53.252908,75.0,1.9
20:27:53.353225,77.77777777777779,1.9
20:27:53.454574,72.72727272727273,1.9
20:27:53.554914,85.0,1.9
20:27:53.655228,80.0,1.9
20:27:53.755613,80.0,1.9
20:27:53.856573,70.0,1.9
20:27:53.956982,70.0,1.9
20:27:54.058500,76.19047619047619,1.9
20:27:54.158865,80.0,1.9
20:27:54.259175,78.94736842105263,1.9
20:27:54.360436,75.0,1.9
20:27:54.460811,71.42857142857143,1.9
20:27:54.561208,84.21052631578947,1.9
20:27:54.661613,68.42105263157895,1.9
20:27:54.761934,76.19047619047619,1.9
20:27:54.862244,85.0,1.9
20:27:54.962651,70.0,1.9
20:27:55.064493,90.0,1.9
20:27:55.167498,85.71428571428572,1.9
20:27:55.267835,84.21052631578947,1.9
20:27:55.368183,80.0,1.9
20:27:55.470481,80.0,1.9
20:27:55.570819,75.0,1.9
20:27:55.671481,80.0,1.9
20:27:55.771911,80.95238095238095,1.9
20:27:55.872268,78.94736842105263,1.9
20:27:55.973445,76.19047619047619,1.9
20:27:56.073770,89.47368421052632,1.9
20:27:56.174056,70.0,1.9
20:27:56.274331,85.0,1.9
20:27:56.374623,85.0,1.9
20:27:56.474903,85.71428571428572,1.9
20:27:56.577072,85.71428571428572,1.9
20:27:56.677421,78.94736842105263,1.91
20:27:56.777904,85.0,1.91
20:27:56.879561,80.0,1.91
20:27:56.979808,85.71428571428572,1.91
20:27:57.080050,84.21052631578947,1.91
20:27:57.180394,90.0,1.91
20:27:57.281434,80.95238095238095,1.91
20:27:57.381689,85.71428571428572,1.91
20:27:57.481954,78.94736842105263,1.91
20:27:57.582341,85.71428571428572,1.91
20:27:57.683472,85.0,1.91
20:27:57.783783,80.0,1.91
20:27:57.885459,80.95238095238095,1.91
20:27:57.985730,68.42105263157895,1.91
20:27:58.086037,78.94736842105263,1.91
20:27:58.186390,85.71428571428572,1.91
20:27:58.286779,75.0,1.91
20:27:58.387024,80.95238095238095,1.91
20:27:58.489583,84.21052631578947,1.91
20:27:58.589886,76.19047619047619,1.91
20:27:58.690158,73.6842105263158,1.91
20:27:58.790480,75.0,1.91
20:27:58.890748,85.0,1.91
20:27:58.991057,75.0,1.91
20:27:59.093416,80.0,1.91
20:27:59.194459,80.95238095238095,1.91
20:27:59.294740,80.0,1.91
20:27:59.395031,80.95238095238095,1.91
20:27:59.495394,78.94736842105263,1.91
20:27:59.595823,75.0,1.91
20:27:59.696172,80.0,1.91
20:27:59.796452,80.0,1.91
20:27:59.898509,80.0,1.91
20:27:59.999497,80.95238095238095,1.91
20:28:00.099823,73.6842105263158,1.91
20:28:00.200198,80.95238095238095,1.91
20:28:00.302440,73.6842105263158,1.91
20:28:00.402732,76.19047619047619,1.91
20:28:00.503082,78.94736842105263,1.91
20:28:00.603405,80.0,1.91
20:28:00.703675,85.71428571428572,1.91
20:28:00.803989,71.42857142857143,1.91
20:28:00.904650,75.0,1.91
20:28:01.005429,78.94736842105263,1.91
20:28:01.105667,75.0,1.91
20:28:01.208505,80.0,1.91
20:28:01.308790,75.0,1.91
20:28:01.409109,76.19047619047619,1.91
20:28:01.509521,78.94736842105263,1.91
20:28:01.609912,80.0,1.92
20:28:01.710228,75.0,1.92
20:28:01.812599,81.81818181818181,1.92
20:28:01.913428,84.21052631578947,1.92
20:28:02.013829,70.0,1.92
20:28:02.116345,71.42857142857143,1.92
20:28:02.216640,85.0,1.92
20:28:02.316917,85.0,1.92
20:28:02.418662,80.0,1.92
20:28:02.518983,89.47368421052632,1.92
20:28:02.619344,75.0,1.92
20:28:02.720207,90.0,1.92
20:28:02.821417,76.19047619047619,1.92
20:28:02.921705,80.0,1.92
20:28:03.022441,75.0,1.92
20:28:03.124431,76.19047619047619,1.92
20:28:03.224730,80.0,1.92
20:28:03.325437,80.0,1.92
20:28:03.425744,80.0,1.92
20:28:03.529498,71.42857142857143,1.92
20:28:03.629806,78.94736842105263,1.92
20:28:03.730156,80.95238095238095,1.92
20:28:03.830519,73.6842105263158,1.92
20:28:03.932530,80.0,1.92
20:28:04.032844,76.19047619047619,1.92
20:28:04.133139,75.0,1.92
20:28:04.235587,71.42857142857143,1.92
20:28:04.335856,78.94736842105263,1.92
20:28:04.436114,80.0,1.92
20:28:04.537516,80.0,1.92
20:28:04.637798,75.0,1.92
20:28:04.738094,75.0,1.92
20:28:04.838482,80.95238095238095,1.92
20:28:04.939558,80.0,1.92
20:28:05.039846,84.21052631578947,1.92
20:28:05.140106,76.19047619047619,1.92
20:28:05.240421,78.94736842105263,1.92
20:28:05.340724,76.19047619047619,1.92
20:28:05.441090,80.0,1.92
20:28:05.542479,80.0,1.92
20:28:05.643512,80.0,1.92
20:28:05.743801,75.0,1.92
20:28:05.844074,80.0,1.92
20:28:05.944350,85.0,1.92
20:28:06.044662,80.0,1.92
20:28:06.146491,85.71428571428572,1.92
20:28:06.248464,100.0,1.92
20:28:06.348854,80.95238095238095,1.92
20:28:06.449153,80.0,1.92
20:28:06.549451,80.0,1.92
20:28:06.649705,80.0,1.84
20:28:06.749947,78.94736842105263,1.84
20:28:06.850195,80.95238095238095,1.84
20:28:06.950428,75.0,1.84
20:28:07.050660,80.0,1.84
20:28:07.150920,73.6842105263158,1.84
20:28:07.251183,90.0,1.84
20:28:07.351458,68.42105263157895,1.84
20:28:07.451777,80.95238095238095,1.84
20:28:07.554066,85.0,1.84
20:28:07.654455,78.94736842105263,1.84
20:28:07.754776,90.47619047619048,1.84
20:28:07.856547,80.95238095238095,1.84
20:28:07.957489,84.21052631578947,1.84
20:28:08.057792,77.27272727272727,1.84
20:28:08.158040,83.33333333333334,1.84
20:28:08.258378,80.95238095238095,1.84
20:28:08.358665,75.0,1.84
20:28:08.459555,78.94736842105263,1.84
20:28:08.562459,76.19047619047619,1.84
20:28:08.662760,84.21052631578947,1.84
20:28:08.763074,76.19047619047619,1.84
20:28:08.863385,78.94736842105263,1.84
20:28:08.963781,75.0,1.84
20:28:09.064430,78.94736842105263,1.84
20:28:09.164733,80.95238095238095,1.84
20:28:09.265023,78.94736842105263,1.84
20:28:09.365483,60.0,1.84
20:28:09.466464,76.19047619047619,1.84
20:28:09.569582,85.0,1.84
20:28:09.669949,80.0,1.84
20:28:09.770293,85.71428571428572,1.84
20:28:09.873408,76.19047619047619,1.84
20:28:09.974447,73.6842105263158,1.84
20:28:10.074710,90.0,1.84
20:28:10.176528,90.47619047619048,1.84
20:28:10.277006,78.94736842105263,1.84
20:28:10.377471,76.19047619047619,1.84
20:28:10.478586,80.95238095238095,1.84
20:28:10.579016,77.77777777777779,1.84
20:28:10.679381,80.95238095238095,1.84
20:28:10.782454,76.19047619047619,1.84
20:28:10.882733,72.22222222222221,1.84
20:28:10.982971,71.42857142857143,1.84
20:28:11.083268,85.0,1.84
20:28:11.184444,76.19047619047619,1.84
20:28:11.284709,84.21052631578947,1.84
20:28:11.384997,80.0,1.84
20:28:11.485246,80.0,1.84
20:28:11.586524,85.0,1.84
20:28:11.686805,85.0,2.02
20:28:11.787108,85.0,2.02
20:28:11.887400,80.0,2.02
20:28:11.987683,73.6842105263158,2.02
20:28:12.089696,76.19047619047619,2.02
20:28:12.190024,80.0,2.02
20:28:12.290491,76.19047619047619,2.02
20:28:12.391445,78.94736842105263,2.02
20:28:12.491736,80.0,2.02
20:28:12.593435,85.71428571428572,2.02
20:28:12.693705,84.21052631578947,2.02
20:28:12.793981,84.21052631578947,2.02
20:28:12.894228,85.71428571428572,2.02
20:28:12.994516,85.0,2.02
20:28:13.094768,80.0,2.02
20:28:13.195021,85.0,2.02
20:28:13.297525,80.95238095238095,2.02
20:28:13.397774,68.42105263157895,2.02
20:28:13.498037,80.95238095238095,2.02
20:28:13.598468,78.94736842105263,2.02
20:28:13.699471,80.0,2.02
20:28:13.799788,80.0,2.02
20:28:13.900111,75.0,2.02
20:28:14.000457,75.0,2.02
20:28:14.100773,85.0,2.02
20:28:14.201107,75.0,2.02
20:28:14.302562,80.0,2.02
20:28:14.402875,71.42857142857143,2.02
20:28:14.503187,85.0,2.02
20:28:14.603472,78.94736842105263,2.02
20:28:14.703746,75.0,2.02
20:28:14.804015,85.0,2.02
20:28:14.905430,75.0,2.02
20:28:15.008248,90.0,2.02
20:28:15.111436,80.95238095238095,2.02
20:28:15.211679,84.21052631578947,2.02
20:28:15.311905,80.95238095238095,2.02
20:28:15.413419,85.0,2.02
20:28:15.513700,85.0,2.02
20:28:15.614038,85.0,2.02
20:28:15.714431,71.42857142857143,2.02
20:28:15.814740,89.47368421052632,2.02
20:28:15.916541,81.81818181818181,2.02
20:28:16.016776,84.21052631578947,2.02
20:28:16.117048,78.94736842105263,2.02
20:28:16.219467,80.95238095238095,2.02
20:28:16.319860,80.0,2.02
20:28:16.420179,70.0,2.02
20:28:16.520550,80.0,2.02
20:28:16.623352,75.0,2.02
20:28:16.723599,85.71428571428572,2.02
20:28:16.825779,80.95238095238095,2.02
20:28:16.928404,85.0,2.02
20:28:17.028646,76.19047619047619,2.02
20:28:17.128989,73.6842105263158,2.02
20:28:17.229422,80.0,2.02
20:28:17.329667,84.21052631578947,2.02
20:28:17.431552,80.0,2.02
20:28:17.536470,71.42857142857143,2.02
20:28:17.638467,76.19047619047619,2.02
20:28:17.738779,78.94736842105263,2.02
20:28:17.839039,71.42857142857143,2.02
20:28:17.939371,80.0,2.02
20:28:18.039675,85.0,2.02
20:28:18.141543,70.0,2.02
20:28:18.241852,80.0,2.02
20:28:18.342433,80.95238095238095,2.02
20:28:18.444416,75.0,2.02
20:28:18.544736,73.6842105263158,2.02
20:28:18.646450,80.95238095238095,2.02
20:28:18.746701,75.0,2.02
20:28:18.846981,80.0,2.02
20:28:18.947270,75.0,2.02
20:28:19.048622,70.0,2.02
20:28:19.149447,80.0,2.02
20:28:19.249737,75.0,2.02
20:28:19.350026,80.0,2.02
20:28:19.450407,80.0,2.02
20:28:19.550729,78.94736842105263,2.02
20:28:19.651153,76.19047619047619,2.02
20:28:19.752428,80.0,2.02
20:28:19.852706,80.0,2.02
20:28:19.952993,78.94736842105263,2.02
20:28:20.055550,85.71428571428572,2.02
20:28:20.155872,75.0,2.02
20:28:20.256246,65.0,2.02
20:28:20.357490,85.71428571428572,2.02
20:28:20.457743,84.21052631578947,2.02
20:28:20.558128,80.95238095238095,2.02
20:28:20.659631,85.0,2.02
20:28:20.759881,85.0,2.02
20:28:20.860152,80.0,2.02
20:28:20.960419,75.0,2.02
20:28:21.062445,80.0,2.02
20:28:21.162702,78.94736842105263,2.02
20:28:21.263032,76.19047619047619,2.02
20:28:21.363347,80.0,2.02
20:28:21.464501,89.47368421052632,2.02
20:28:21.564790,77.27272727272727,2.02
20:28:21.665194,84.21052631578947,2.01
20:28:21.767449,85.0,2.01
20:28:21.867752,80.0,2.01
20:28:21.968031,90.0,2.01
20:28:22.068427,80.0,2.01
20:28:22.168769,80.0,2.01
20:28:22.269552,85.0,2.01
20:28:22.370419,73.6842105263158,2.01
20:28:22.470685,70.0,2.01
20:28:22.571100,76.19047619047619,2.01
20:28:22.671543,80.0,2.01
20:28:22.772441,76.19047619047619,2.01
20:28:22.872721,84.21052631578947,2.01
20:28:22.973019,78.94736842105263,2.01
20:28:23.073266,76.19047619047619,2.01
20:28:23.174542,80.95238095238095,2.01
20:28:23.274851,80.0,2.01
20:28:23.375177,68.42105263157895,2.01
20:28:23.476460,80.0,2.01
20:28:23.576772,85.71428571428572,2.01
20:28:23.677096,73.6842105263158,2.01
20:28:23.777381,80.0,2.01
20:28:23.879532,71.42857142857143,2.01
20:28:23.979820,78.94736842105263,2.01
20:28:24.082446,75.0,2.01
20:28:24.182714,80.95238095238095,2.01
20:28:24.282979,80.95238095238095,2.01
20:28:24.384426,73.6842105263158,2.01
20:28:24.484701,80.0,2.01
20:28:24.585022,85.0,2.01
20:28:24.685414,75.0,2.01
20:28:24.786431,71.42857142857143,2.01
20:28:24.886787,78.94736842105263,2.01
20:28:24.987037,70.0,2.01
20:28:25.087487,90.0,2.01
20:28:25.188001,90.47619047619048,2.01
20:28:25.288390,84.21052631578947,2.01
20:28:25.388688,80.0,2.01
20:28:25.490455,75.0,2.01
20:28:25.592485,80.95238095238095,2.01
20:28:25.692818,84.21052631578947,2.01
20:28:25.793166,76.19047619047619,2.01
20:28:25.893441,78.94736842105263,2.01
20:28:25.993781,80.0,2.01
20:28:26.095575,95.0,2.01
20:28:26.195903,80.0,2.01
20:28:26.296173,75.0,2.01
20:28:26.396450,84.21052631578947,2.01
20:28:26.497426,80.95238095238095,2.01
20:28:26.597825,75.0,2.01
20:28:26.698257,78.94736842105263,1.93
20:28:26.798899,76.19047619047619,1.93
20:28:26.899338,70.0,1.93
20:28:27.000464,71.42857142857143,1.93
20:28:27.100725,80.0,1.93
20:28:27.201049,80.0,1.93
20:28:27.301487,80.0,1.93
20:28:27.402439,85.0,1.93
20:28:27.502762,75.0,1.93
20:28:27.606470,75.0,1.93
20:28:27.706764,80.0,1.93
20:28:27.807047,80.0,1.93
20:28:27.907374,80.0,1.93
20:28:28.007804,70.0,1.93
20:28:28.108290,85.71428571428572,1.93
20:28:28.208566,78.94736842105263,1.93
20:28:28.309432,70.0,1.93
20:28:28.409697,85.0,1.93
20:28:28.509955,80.0,1.93
20:28:28.610315,75.0,1.93
20:28:28.710753,65.0,1.93
20:28:28.812434,70.0,1.93
20:28:28.912684,80.0,1.93
20:28:29.013120,80.0,1.93
20:28:29.113436,80.95238095238095,1.93
20:28:29.214406,78.94736842105263,1.93
20:28:29.314659,80.95238095238095,1.93
20:28:29.415544,80.0,1.93
20:28:29.517724,85.0,1.93
20:28:29.618066,76.19047619047619,1.93
20:28:29.718403,90.0,1.93
20:28:29.820105,78.94736842105263,1.93
20:28:29.920371,85.71428571428572,1.93
20:28:30.022479,84.21052631578947,1.93
20:28:30.122970,76.19047619047619,1.93
20:28:30.223374,71.42857142857143,1.93
20:28:30.323736,75.0,1.93
20:28:30.424020,78.94736842105263,1.93
20:28:30.526540,85.0,1.93
20:28:30.626935,75.0,1.93
20:28:30.727265,75.0,1.93
20:28:30.831437,80.0,1.93
20:28:30.931762,90.47619047619048,1.93
20:28:31.032201,80.0,1.93
20:28:31.132645,68.42105263157895,1.93
20:28:31.233418,76.19047619047619,1.93
20:28:31.333710,95.0,1.93
20:28:31.433991,80.0,1.93
20:28:31.534336,78.94736842105263,1.93
20:28:31.635470,80.95238095238095,1.94
20:28:31.735753,80.0,1.94
20:28:31.836056,73.6842105263158,1.94
20:28:31.937545,85.71428571428572,1.94
20:28:32.037878,80.0,1.94
20:28:32.138257,80.0,1.94
20:28:32.239414,80.0,1.94
20:28:32.340454,76.19047619047619,1.94
20:28:32.440696,80.0,1.94
20:28:32.541022,73.6842105263158,1.94
20:28:32.641551,65.0,1.94
20:28:32.741944,75.0,1.94
20:28:32.843458,76.19047619047619,1.94
20:28:32.945499,70.0,1.94
20:28:33.045755,80.0,1.94
20:28:33.146158,75.0,1.94
20:28:33.247436,70.0,1.94
20:28:33.348429,80.95238095238095,1.94
20:28:33.448681,84.21052631578947,1.94
20:28:33.548974,80.0,1.94
20:28:33.649306,85.0,1.94
20:28:33.749606,80.0,1.94
20:28:33.849934,70.0,1.94
20:28:33.952544,85.0,1.94
20:28:34.052841,78.94736842105263,1.94
20:28:34.153167,71.42857142857143,1.94
20:28:34.255547,85.71428571428572,1.94
20:28:34.355858,75.0,1.94
20:28:34.456110,78.94736842105263,1.94
20:28:34.556649,71.42857142857143,1.94
20:28:34.656948,80.0,1.94
20:28:34.761434,80.95238095238095,1.94
20:28:34.861698,84.21052631578947,1.94
20:28:34.962042,76.19047619047619,1.94
20:28:35.062397,73.6842105263158,1.94
20:28:35.163461,80.95238095238095,1.94
20:28:35.263726,78.94736842105263,1.94
20:28:35.364009,75.0,1.94
20:28:35.464430,80.0,1.94
20:28:35.564779,80.95238095238095,1.94
20:28:35.665061,73.6842105263158,1.94
20:28:35.768495,95.23809523809523,1.94
20:28:35.868910,89.47368421052632,1.94
20:28:35.969477,75.0,1.94
20:28:36.070591,77.27272727272727,1.94
20:28:36.172418,73.6842105263158,1.94
20:28:36.272655,75.0,1.94
20:28:36.372895,78.94736842105263,1.94
20:28:36.473157,76.19047619047619,1.94
20:28:36.573556,78.94736842105263,1.94
20:28:36.674150,71.42857142857143,1.86
20:28:36.774437,78.94736842105263,1.86
20:28:36.874714,80.95238095238095,1.86
20:28:36.975829,80.95238095238095,1.86
20:28:37.076444,78.94736842105263,1.86
20:28:37.176700,70.0,1.86
20:28:37.277102,75.0,1.86
20:28:37.378454,85.71428571428572,1.86
20:28:37.478713,68.42105263157895,1.86
20:28:37.579068,85.0,1.86
20:28:37.679396,80.95238095238095,1.86
20:28:37.779646,68.42105263157895,1.86
20:28:37.879969,75.0,1.86
20:28:37.981473,75.0,1.86
20:28:38.082456,78.94736842105263,1.86
20:28:38.182709,75.0,1.86
20:28:38.282975,76.19047619047619,1.86
20:28:38.384403,80.0,1.86
20:28:38.485500,73.6842105263158,1.86
20:28:38.585831,80.95238095238095,1.86
20:28:38.686200,80.0,1.86
20:28:38.786536,75.0,1.86
20:28:38.887543,75.0,1.86
20:28:38.987821,80.0,1.86
20:28:39.088126,76.19047619047619,1.86
20:28:39.188471,73.6842105263158,1.86
20:28:39.288784,75.0,1.86
20:28:39.389423,70.0,1.86
20:28:39.489707,84.21052631578947,1.86
20:28:39.590023,80.95238095238095,1.86
20:28:39.691466,80.0,1.86
20:28:39.791743,80.0,1.86
20:28:39.892014,85.0,1.86
20:28:39.992270,78.94736842105263,1.86
20:28:40.093528,90.47619047619048,1.86
20:28:40.195491,95.0,1.86
20:28:40.295881,75.0,1.86
20:28:40.396435,73.6842105263158,1.86
20:28:40.496692,80.95238095238095,1.86
20:28:40.597573,78.94736842105263,1.86
20:28:40.697939,80.95238095238095,1.86
20:28:40.798309,85.0,1.86
20:28:40.899458,65.0,1.86
20:28:41.001452,90.0,1.86
20:28:41.101725,75.0,1.86
20:28:41.201986,80.0,1.86
20:28:41.302365,85.0,1.86
20:28:41.404437,80.0,1.86
20:28:41.504752,76.19047619047619,1.86
20:28:41.607457,89.47368421052632,1.86
20:28:41.707717,71.42857142857143,2.03
20:28:41.808497,85.0,2.03
20:28:41.909205,78.94736842105263,2.03
20:28:42.009591,80.95238095238095,2.03
20:28:42.113409,80.0,2.03
20:28:42.213683,80.0,2.03
20:28:42.314440,76.19047619047619,2.03
20:28:42.415419,75.0,2.03
20:28:42.515685,75.0,2.03
20:28:42.615991,73.6842105263158,2.03
20:28:42.716249,85.0,2.03
20:28:42.817533,85.71428571428572,2.03
20:28:42.917943,68.42105263157895,2.03
20:28:43.018363,77.27272727272727,2.03
20:28:43.119440,75.0,2.03
20:28:43.219697,88.88888888888889,2.03
20:28:43.321556,71.42857142857143,2.03
20:28:43.421793,80.95238095238095,2.03
20:28:43.522015,80.0,2.03
20:28:43.622286,80.0,2.03
20:28:43.722627,89.47368421052632,2.03
20:28:43.822968,80.0,2.03
20:28:43.923342,85.0,2.03
20:28:44.024521,70.0,2.03
20:28:44.124813,85.0,2.03
20:28:44.225176,84.21052631578947,2.03
20:28:44.325578,77.27272727272727,2.03
20:28:44.426567,75.0,2.03
20:28:44.526891,80.0,2.03
20:28:44.628538,80.0,2.03
20:28:44.728816,90.0,2.03
20:28:44.830438,85.0,2.03
20:28:44.931157,78.94736842105263,2.03
20:28:45.031550,77.27272727272727,2.03
20:28:45.132483,72.22222222222221,2.03
20:28:45.234455,72.72727272727273,2.03
20:28:45.334696,80.0,2.03
20:28:45.435013,75.0,2.03
20:28:45.536565,73.6842105263158,2.03
20:28:45.636835,80.0,2.03
20:28:45.737349,80.0,2.03
20:28:45.840441,72.72727272727273,2.03
20:28:45.940698,84.21052631578947,2.03
20:28:46.040989,78.94736842105263,2.03
20:28:46.141314,95.23809523809523,2.03
20:28:46.242449,76.19047619047619,2.03
20:28:46.342686,84.21052631578947,2.03
20:28:46.442997,80.0,2.03
20:28:46.543313,80.0,2.03
20:28:46.644474,80.0,2.03
20:28:46.744831,85.0,2.03
20:28:46.845089,80.0,2.03
20:28:46.945364,78.94736842105263,2.03
20:28:47.047424,78.26086956521739,2.03
20:28:47.147698,83.33333333333334,2.03
20:28:47.247949,71.42857142857143,2.03
20:28:47.348261,78.94736842105263,2.03
20:28:47.448524,80.0,2.03
20:28:47.548796,80.0,2.03
20:28:47.649127,85.0,2.03
20:28:47.749494,70.0,2.03
20:28:47.849777,80.0,2.03
20:28:47.951576,80.95238095238095,2.03
20:28:48.051886,84.21052631578947,2.03
20:28:48.152440,80.95238095238095,2.03
20:28:48.252852,66.66666666666667,2.03
20:28:48.353133,68.42105263157895,2.03
20:28:48.453507,80.95238095238095,2.03
20:28:48.554558,84.21052631578947,2.03
20:28:48.654938,78.94736842105263,2.03
20:28:48.755233,76.19047619047619,2.03
20:28:48.856659,73.6842105263158,2.03
20:28:48.957140,66.66666666666667,2.03
20:28:49.059528,80.0,2.03
20:28:49.162442,75.0,2.03
20:28:49.262698,76.19047619047619,2.03
20:28:49.362923,85.0,2.03
20:28:49.464526,73.6842105263158,2.03
20:28:49.564845,71.42857142857143,2.03
20:28:49.665316,80.95238095238095,2.03
20:28:49.766026,73.6842105263158,2.03
20:28:49.869434,65.0,2.03
20:28:49.969695,80.95238095238095,2.03
20:28:50.071434,80.0,2.03
20:28:50.171744,80.0,2.03
20:28:50.272022,80.0,2.03
20:28:50.372288,80.0,2.03
20:28:50.472566,70.0,2.03
20:28:50.573467,80.0,2.03
20:28:50.673789,80.95238095238095,2.03
20:28:50.774215,78.94736842105263,2.03
20:28:50.874635,65.0,2.03
20:28:50.975008,80.0,2.03
20:28:51.077456,80.0,2.03
20:28:51.177897,71.42857142857143,2.03
20:28:51.278421,84.21052631578947,2.03
20:28:51.378707,75.0,2.03
20:28:51.480534,76.19047619047619,2.03
20:28:51.580933,73.6842105263158,2.03
20:28:51.684445,85.71428571428572,2.03
20:28:51.784715,78.94736842105263,2.03
20:28:51.884990,80.0,2.03
20:28:51.985261,71.42857142857143,2.03
20:28:52.085535,80.0,2.03
20:28:52.186444,85.0,2.03
20:28:52.290432,72.72727272727273,2.03
20:28:52.390731,89.47368421052632,2.03
20:28:52.491008,85.0,2.03
20:28:52.591312,85.0,2.03
20:28:52.692506,80.0,2.03
20:28:52.793608,84.21052631578947,2.03
20:28:52.893975,80.0,2.03
20:28:52.996429,85.0,2.03
20:28:53.096700,85.0,2.03
20:28:53.196975,80.95238095238095,2.03
20:28:53.298437,90.0,2.03
20:28:53.398724,80.0,2.03
20:28:53.499017,80.0,2.03
20:28:53.601576,85.71428571428572,2.03
20:28:53.701852,90.0,2.03
20:28:53.802104,84.21052631578947,2.03
20:28:53.902363,80.0,2.03
20:28:54.002646,80.95238095238095,2.03
20:28:54.102884,80.0,2.03
20:28:54.203143,90.47619047619048,2.03
20:28:54.303418,78.94736842105263,2.03
20:28:54.403697,85.71428571428572,2.03
20:28:54.504522,80.0,2.03
20:28:54.604866,80.0,2.03
20:28:54.705228,75.0,2.03
20:28:54.805686,70.0,2.03
20:28:54.906070,73.6842105263158,2.03
20:28:55.006490,80.95238095238095,2.03
20:28:55.108531,95.0,2.03
20:28:55.208839,95.0,2.03
20:28:55.309319,65.0,2.03
20:28:55.409645,85.0,2.03
20:28:55.510443,80.0,2.03
20:28:55.610879,65.0,2.03
20:28:55.711479,85.0,2.03
20:28:55.812440,85.71428571428572,2.03
20:28:55.912717,73.6842105263158,2.03
20:28:56.013114,80.0,2.03
20:28:56.113440,90.0,2.03
20:28:56.214573,75.0,2.03
20:28:56.316428,75.0,2.03
20:28:56.416729,75.0,2.03
20:28:56.518468,80.0,2.03
20:28:56.618784,80.0,2.03
20:28:56.719191,80.0,2.03
20:28:56.820481,80.0,2.03
20:28:56.920828,80.0,2.03
20:28:57.021252,80.0,2.03
20:28:57.122536,85.0,2.03
20:28:57.223448,85.71428571428572,2.03
20:28:57.323728,84.21052631578947,2.03
20:28:57.427453,66.66666666666667,2.03
20:28:57.527716,80.0,2.03
20:28:57.628019,78.94736842105263,2.03
20:28:57.728418,80.0,2.03
20:28:57.828705,80.95238095238095,2.03
20:28:57.929088,75.0,2.03
20:28:58.029413,80.0,2.03
20:28:58.130448,80.0,2.03
20:28:58.230782,80.0,2.03
20:28:58.331079,70.0,2.03
20:28:58.431339,80.0,2.03
20:28:58.533626,85.0,2.03
20:28:58.633943,90.0,2.03
20:28:58.736579,85.0,2.03
20:28:58.837439,80.0,2.03
20:28:58.937751,80.0,2.03
20:28:59.038094,85.0,2.03
20:28:59.140425,80.95238095238095,2.03
20:28:59.240709,80.0,2.03
20:28:59.342197,90.0,2.03
20:28:59.442667,78.94736842105263,2.03
20:28:59.542905,80.0,2.03
20:28:59.645560,85.71428571428572,2.03
20:28:59.745891,80.0,2.03
20:28:59.846195,70.0,2.03
20:28:59.948454,80.95238095238095,2.03
20:29:00.050458,85.0,2.03
20:29:00.150728,80.0,2.03
20:29:00.254471,85.71428571428572,2.03
20:29:00.354752,84.21052631578947,2.03
20:29:00.455017,76.19047619047619,2.03
20:29:00.555288,85.0,2.03
20:29:00.655539,78.94736842105263,2.03
20:29:00.755814,85.0,2.03
20:29:00.856070,85.0,2.03
20:29:00.956327,80.0,2.03
20:29:01.056579,85.0,2.03
20:29:01.156860,75.0,2.03
20:29:01.257212,80.95238095238095,2.03
20:29:01.357593,85.0,2.03
20:29:01.457878,73.6842105263158,2.03
20:29:01.558123,80.95238095238095,2.03
20:29:01.659569,89.47368421052632,2.02
20:29:01.759849,76.19047619047619,2.02
20:29:01.860186,84.21052631578947,2.02
20:29:01.960469,85.0,2.02
20:29:02.060771,100.0,2.02
20:29:02.162549,95.0,2.02
20:29:02.262847,85.0,2.02
20:29:02.364427,80.0,2.02
20:29:02.464660,80.0,2.02
20:29:02.564957,70.0,2.02
20:29:02.665238,90.0,2.02
20:29:02.765571,80.0,2.02
20:29:02.867444,90.0,2.02
20:29:02.967712,80.95238095238095,2.02
20:29:03.067970,73.6842105263158,2.02
20:29:03.168388,85.0,2.02
20:29:03.268638,84.21052631578947,2.02
20:29:03.368926,76.19047619047619,2.02
20:29:03.469455,77.27272727272727,2.02
20:29:03.571412,73.6842105263158,2.02
20:29:03.671815,90.0,2.02
20:29:03.774672,80.0,2.02
20:29:03.874918,85.0,2.02
20:29:03.975444,72.72727272727273,2.02
20:29:04.075862,61.111111111111114,2.02
20:29:04.176115,76.19047619047619,2.02
20:29:04.276563,60.0,2.02
20:29:04.376975,70.0,2.02
20:29:04.477308,73.6842105263158,2.02
20:29:04.578440,75.0,2.02
20:29:04.678719,80.95238095238095,2.02
20:29:04.779496,78.94736842105263,2.02
20:29:04.881216,81.81818181818181,2.02
20:29:04.981441,84.21052631578947,2.02
20:29:05.081840,75.0,2.02
20:29:05.182465,71.42857142857143,2.02
20:29:05.282934,80.0,2.02
20:29:05.384254,85.0,2.02
20:29:05.484641,84.21052631578947,2.02
20:29:05.585017,76.19047619047619,2.02
20:29:05.685487,84.21052631578947,2.02
20:29:05.786442,71.42857142857143,2.02
20:29:05.886705,80.0,2.02
20:29:05.986998,85.0,2.02
20:29:06.087583,75.0,2.02
20:29:06.187845,75.0,2.02
20:29:06.289424,90.0,2.02
20:29:06.390418,75.0,2.02
20:29:06.490663,75.0,2.02
20:29:06.590922,85.0,2.02
20:29:06.691218,85.0,1.94
20:29:06.792542,76.19047619047619,1.94
20:29:06.892833,84.21052631578947,1.94
20:29:06.993151,85.0,1.94
20:29:07.093411,73.6842105263158,1.94
20:29:07.193715,85.71428571428572,1.94
20:29:07.294675,76.19047619047619,1.94
20:29:07.395433,90.0,1.94
20:29:07.495707,80.0,1.94
20:29:07.596079,89.47368421052632,1.94
20:29:07.696444,80.0,1.94
20:29:07.797573,76.19047619047619,1.94
20:29:07.898436,73.6842105263158,1.94
20:29:07.998726,75.0,1.94
20:29:08.098978,80.0,1.94
20:29:08.199285,80.0,1.94
20:29:08.301683,75.0,1.94
20:29:08.404458,81.81818181818181,1.94
20:29:08.504739,80.0,1.94
20:29:08.605073,78.94736842105263,1.94
20:29:08.705511,80.0,1.94
20:29:08.806544,80.95238095238095,1.94
20:29:08.906828,78.94736842105263,1.94
20:29:09.007144,75.0,1.94
20:29:09.109268,85.0,1.94
20:29:09.209648,66.66666666666667,1.94
20:29:09.309937,78.94736842105263,1.94
20:29:09.412548,85.0,1.94
20:29:09.512783,80.95238095238095,1.94
20:29:09.613036,78.94736842105263,1.94
20:29:09.713320,75.0,1.94
20:29:09.813635,75.0,1.94
20:29:09.914428,76.19047619047619,1.94
20:29:10.014689,85.0,1.94
20:29:10.115580,90.0,1.94
20:29:10.215991,90.0,1.94
20:29:10.316326,73.6842105263158,1.94
20:29:10.417929,80.95238095238095,1.94
20:29:10.518422,85.0,1.94
20:29:10.618749,89.47368421052632,1.94
20:29:10.719081,71.42857142857143,1.94
20:29:10.820446,85.0,1.94
20:29:10.920708,70.0,1.94
20:29:11.020963,80.0,1.94
20:29:11.121238,100.0,1.94
20:29:11.221521,75.0,1.94
20:29:11.321893,80.0,1.94
20:29:11.423586,80.0,1.94
20:29:11.524009,80.0,1.94
20:29:11.624348,71.42857142857143,1.79
20:29:11.726558,85.0,1.79
20:29:11.826911,80.0,1.79
20:29:11.929446,85.0,1.79
20:29:12.029744,85.71428571428572,1.79
20:29:12.131434,80.0,1.79
20:29:12.231709,85.71428571428572,1.79
20:29:12.332017,84.21052631578947,1.79
20:29:12.432319,84.21052631578947,1.79
20:29:12.534469,85.71428571428572,1.79
20:29:12.636504,80.95238095238095,1.79
20:29:12.736845,73.6842105263158,1.79
20:29:12.837141,80.0,1.79
20:29:12.937508,75.0,1.79
20:29:13.038453,80.0,1.79
20:29:13.138705,85.0,1.79
20:29:13.238954,84.21052631578947,1.79
20:29:13.339252,76.19047619047619,1.79
20:29:13.440448,80.0,1.79
20:29:13.540740,80.0,1.79
20:29:13.641073,75.0,1.79
20:29:13.741546,85.0,1.79
20:29:13.841947,80.95238095238095,1.79
20:29:13.944569,80.0,1.79
20:29:14.044901,75.0,1.79
20:29:14.145183,89.47368421052632,1.79
20:29:14.245467,80.0,1.79
20:29:14.345742,80.0,1.79
20:29:14.446131,84.21052631578947,1.79
20:29:14.546566,76.19047619047619,1.79
20:29:14.646902,70.0,1.79
20:29:14.749440,85.71428571428572,1.79
20:29:14.849788,84.21052631578947,1.79
20:29:14.950105,71.42857142857143,1.79
20:29:15.050454,68.42105263157895,1.79
20:29:15.150754,80.0,1.79
20:29:15.251009,76.19047619047619,1.79
20:29:15.351302,84.21052631578947,1.79
20:29:15.451586,76.19047619047619,1.79
20:29:15.551934,85.0,1.79
20:29:15.652388,70.0,1.79
20:29:15.754605,75.0,1.79
20:29:15.854919,70.0,1.79
20:29:15.956434,80.0,1.79
20:29:16.057131,85.0,1.79
20:29:16.157469,94.73684210526316,1.79
20:29:16.258453,76.19047619047619,1.79
20:29:16.358689,75.0,1.79
20:29:16.459123,78.94736842105263,1.79
20:29:16.559442,80.0,1.79
20:29:16.659892,61.904761904761905,1.96
20:29:16.760452,75.0,1.96
20:29:16.863429,90.47619047619048,1.96
20:29:16.963676,84.21052631578947,1.96
20:29:17.063934,70.0,1.96
20:29:17.164245,85.0,1.96
20:29:17.266421,71.42857142857143,1.96
20:29:17.368439,90.0,1.96
20:29:17.468805,85.71428571428572,1.96
20:29:17.569077,75.0,1.96
20:29:17.669402,78.94736842105263,1.96
20:29:17.769773,90.0,1.96
20:29:17.870038,85.0,1.96
20:29:17.972433,90.0,1.96
20:29:18.072701,85.0,1.96
20:29:18.172994,80.0,1.96
20:29:18.273348,76.19047619047619,1.96
20:29:18.373664,80.95238095238095,1.96
20:29:18.473970,89.47368421052632,1.96
20:29:18.576546,71.42857142857143,1.96
20:29:18.676847,90.0,1.96
20:29:18.777141,84.21052631578947,1.96
20:29:18.877438,80.95238095238095,1.96
20:29:18.977680,84.21052631578947,1.96
20:29:19.077932,84.21052631578947,1.96
20:29:19.178234,75.0,1.96
20:29:19.279422,77.27272727272727,1.96
20:29:19.379650,84.21052631578947,1.96
20:29:19.479925,70.0,1.96
20:29:19.580244,85.0,1.96
20:29:19.681504,80.0,1.96
20:29:19.781870,75.0,1.96
20:29:19.882428,76.19047619047619,1.96
20:29:19.982774,63.1578947368421,1.96
20:29:20.083043,66.66666666666667,1.96
20:29:20.185577,84.21052631578947,1.96
20:29:20.286022,71.42857142857143,1.96
20:29:20.386361,60.0,1.96
20:29:20.486670,75.0,1.96
20:29:20.586955,80.0,1.96
20:29:20.687229,78.94736842105263,1.96
20:29:20.787557,84.21052631578947,1.96
20:29:20.888486,80.0,1.96
20:29:20.988781,75.0,1.96
20:29:21.089078,75.0,1.96
20:29:21.190448,80.0,1.96
20:29:21.290687,70.0,1.96
20:29:21.391031,76.19047619047619,1.96
20:29:21.491457,73.6842105263158,1.96
20:29:21.593457,76.19047619047619,1.96
20:29:21.693780,84.21052631578947,2.05
20:29:21.794086,85.0,2.05
20:29:21.894456,76.19047619047619,2.05
20:29:21.995453,76.19047619047619,2.05
20:29:22.095772,84.21052631578947,2.05
20:29:22.196103,85.0,2.05
20:29:22.296394,76.19047619047619,2.05
20:29:22.396840,84.21052631578947,2.05
20:29:22.497175,75.0,2.05
20:29:22.598431,75.0,2.05
20:29:22.699524,76.19047619047619,2.05
20:29:22.799889,65.0,2.05
20:29:22.900203,78.94736842105263,2.05
20:29:23.002540,71.42857142857143,2.05
20:29:23.104460,85.71428571428572,2.05
20:29:23.204762,78.94736842105263,2.05
20:29:23.306442,75.0,2.05
20:29:23.406687,85.0,2.05
20:29:23.506935,85.0,2.05
20:29:23.607195,80.0,2.05
20:29:23.707682,80.0,2.05
20:29:23.808139,75.0,2.05
20:29:23.908537,75.0,2.05
20:29:24.009499,90.0,2.05
20:29:24.109744,85.0,2.05
20:29:24.210011,85.71428571428572,2.05
20:29:24.311456,80.0,2.05
20:29:24.411727,85.0,2.05
20:29:24.512000,90.0,2.05
20:29:24.612304,70.0,2.05
20:29:24.712596,85.0,2.05
20:29:24.812912,80.0,2.05
20:29:24.915428,80.0,2.05
20:29:25.015689,73.6842105263158,2.05
20:29:25.117719,76.19047619047619,2.05
20:29:25.220518,95.0,2.05
20:29:25.322403,76.19047619047619,2.05
20:29:25.422656,76.19047619047619,2.05
20:29:25.522994,75.0,2.05
20:29:25.623450,68.42105263157895,2.05
20:29:25.723796,71.42857142857143,2.05
20:29:25.824191,78.94736842105263,2.05
20:29:25.924669,70.0,2.05
20:29:26.025109,80.95238095238095,2.05
20:29:26.128483,100.0,2.05
20:29:26.228769,75.0,2.05
20:29:26.329020,75.0,2.05
20:29:26.429370,71.42857142857143,2.05
20:29:26.529655,85.0,2.05
20:29:26.629942,80.0,1.96
20:29:26.730246,80.0,1.96
20:29:26.832442,75.0,1.96
20:29:26.933407,80.0,1.96
20:29:27.033647,80.0,1.96
20:29:27.133897,80.0,1.96
20:29:27.234167,80.95238095238095,1.96
20:29:27.334527,75.0,1.96
20:29:27.434751,73.6842105263158,1.96
20:29:27.535005,75.0,1.96
20:29:27.635604,85.71428571428572,1.96
20:29:27.735909,76.19047619047619,1.96
20:29:27.836393,77.77777777777779,1.96
20:29:27.937923,80.95238095238095,1.96
20:29:28.039433,68.42105263157895,1.96
20:29:28.139679,76.19047619047619,1.96
20:29:28.239929,80.0,1.96
20:29:28.340197,73.6842105263158,1.96
20:29:28.440412,70.0,1.96
20:29:28.540638,80.95238095238095,1.96
20:29:28.640889,80.0,1.96
20:29:28.741200,78.94736842105263,1.96
20:29:28.841473,76.19047619047619,1.96
20:29:28.941867,73.6842105263158,1.96
20:29:29.042218,75.0,1.96
20:29:29.143166,73.6842105263158,1.96
20:29:29.243601,76.19047619047619,1.96
20:29:29.343916,80.0,1.96
20:29:29.446547,71.42857142857143,1.96
20:29:29.546852,80.0,1.96
20:29:29.649543,80.95238095238095,1.96
20:29:29.749840,78.94736842105263,1.96
20:29:29.850184,80.95238095238095,1.96
20:29:29.951475,78.94736842105263,1.96
20:29:30.051774,75.0,1.96
20:29:30.152109,80.95238095238095,1.96
20:29:30.252464,78.94736842105263,1.96
20:29:30.354557,80.0,1.96
20:29:30.454931,76.19047619047619,1.96
20:29:30.555285,73.6842105263158,1.96
20:29:30.657558,80.95238095238095,1.96
20:29:30.757901,85.0,1.96
20:29:30.858295,78.94736842105263,1.96
20:29:30.960555,71.42857142857143,1.96
20:29:31.060807,80.95238095238095,1.96
20:29:31.161066,84.21052631578947,1.96
20:29:31.261362,80.95238095238095,1.96
20:29:31.362458,84.21052631578947,1.96
20:29:31.464460,90.0,1.96
20:29:31.565302,95.0,1.96
20:29:31.665594,76.19047619047619,1.89
20:29:31.767439,76.19047619047619,1.89
20:29:31.869465,84.21052631578947,1.89
20:29:31.969776,80.0,1.89
20:29:32.070133,75.0,1.89
20:29:32.170386,85.0,1.89
20:29:32.272429,75.0,1.89
20:29:32.372666,71.42857142857143,1.89
20:29:32.474414,75.0,1.89
20:29:32.574654,65.0,1.89
20:29:32.674927,80.0,1.89
20:29:32.775213,85.0,1.89
20:29:32.875443,78.94736842105263,1.89
20:29:32.975708,85.0,1.89
20:29:33.075978,70.0,1.89
20:29:33.176305,80.95238095238095,1.89
20:29:33.276539,75.0,1.89
20:29:33.376801,80.0,1.89
20:29:33.477082,80.0,1.89
20:29:33.577313,84.21052631578947,1.89
20:29:33.680063,71.42857142857143,1.89
20:29:33.780384,80.0,1.89
20:29:33.882480,75.0,1.89
20:29:33.982758,85.0,1.89
20:29:34.083074,75.0,1.89
20:29:34.183609,73.6842105263158,1.89
20:29:34.284447,76.19047619047619,1.89
20:29:34.384751,73.6842105263158,1.89
20:29:34.485096,76.19047619047619,1.89
20:29:34.586566,80.0,1.89
20:29:34.686905,78.94736842105263,1.89
20:29:34.787455,75.0,1.89
20:29:34.887788,75.0,1.89
20:29:34.988087,80.0,1.89
20:29:35.090596,85.71428571428572,1.89
20:29:35.190980,70.0,1.89
20:29:35.292457,80.0,1.89
20:29:35.392768,85.71428571428572,1.89
20:29:35.493101,65.0,1.89
20:29:35.596448,85.0,1.89
20:29:35.697545,76.19047619047619,1.89
20:29:35.798455,78.94736842105263,1.89
20:29:35.898981,80.0,1.89
20:29:35.999388,76.19047619047619,1.89
20:29:36.099798,75.0,1.89
20:29:36.200142,76.19047619047619,1.89
20:29:36.301404,75.0,1.89
20:29:36.401637,78.94736842105263,1.89
20:29:36.501873,75.0,1.89
20:29:36.603524,80.0,1.89
20:29:36.703828,85.0,1.97
20:29:36.804171,71.42857142857143,1.97
20:29:36.905474,65.0,1.97
20:29:37.005740,80.0,1.97
20:29:37.106096,90.0,1.97
20:29:37.206631,75.0,1.97
20:29:37.307418,75.0,1.97
20:29:37.407681,85.0,1.97
20:29:37.507936,76.19047619047619,1.97
20:29:37.608177,75.0,1.97
20:29:37.709689,84.21052631578947,1.97
20:29:37.810102,75.0,1.97
20:29:37.911499,80.95238095238095,1.97
20:29:38.011806,84.21052631578947,1.97
20:29:38.112138,72.72727272727273,1.97
20:29:38.216444,76.19047619047619,1.97
20:29:38.316704,84.21052631578947,1.97
20:29:38.417046,75.0,1.97
20:29:38.517471,70.0,1.97
20:29:38.618533,85.0,1.97
20:29:38.718877,78.94736842105263,1.97
20:29:38.819617,75.0,1.97
20:29:38.919903,90.0,1.97
20:29:39.022511,76.19047619047619,1.97
20:29:39.122873,80.0,1.97
20:29:39.226458,65.0,1.97
20:29:39.326756,75.0,1.97
20:29:39.427015,80.0,1.97
20:29:39.527253,85.0,1.97
20:29:39.627507,84.21052631578947,1.97
20:29:39.728446,85.71428571428572,1.97
20:29:39.828718,85.0,1.97
20:29:39.929029,85.0,1.97
20:29:40.030439,85.0,1.97
20:29:40.130732,80.0,1.97
20:29:40.231069,90.47619047619048,1.97
20:29:40.331376,73.6842105263158,1.97
20:29:40.431649,85.71428571428572,1.97
20:29:40.531959,75.0,1.97
20:29:40.634439,75.0,1.97
20:29:40.736995,90.0,1.97
20:29:40.837289,80.0,1.97
20:29:40.937551,85.0,1.97
20:29:41.037824,85.0,1.97
20:29:41.138092,95.0,1.97
20:29:41.238378,80.0,1.97
20:29:41.338665,76.19047619047619,1.97
20:29:41.438975,80.0,1.97
20:29:41.539364,75.0,1.97
20:29:41.642445,85.0,1.9
20:29:41.742867,75.0,1.9
20:29:41.843298,80.0,1.9
20:29:41.944408,76.19047619047619,1.9
20:29:42.044697,84.21052631578947,1.9
20:29:42.145459,85.0,1.9
20:29:42.246462,80.0,1.9
20:29:42.348421,80.95238095238095,1.9
20:29:42.448669,80.0,1.9
20:29:42.548920,78.94736842105263,1.9
20:29:42.649187,76.19047619047619,1.9
20:29:42.749606,73.6842105263158,1.9
20:29:42.850192,85.0,1.9
20:29:42.951466,76.19047619047619,1.9
20:29:43.051758,78.94736842105263,1.9
20:29:43.152134,80.0,1.9
20:29:43.252452,90.0,1.9
20:29:43.353602,66.66666666666667,1.9
20:29:43.453962,78.94736842105263,1.9
20:29:43.554316,80.95238095238095,1.9
20:29:43.654640,66.66666666666667,1.9
20:29:43.754952,84.21052631578947,1.9
20:29:43.855372,80.0,1.9
20:29:43.959429,70.0,1.9
20:29:44.059700,75.0,1.9
20:29:44.159991,90.0,1.9
20:29:44.260288,80.95238095238095,1.9
20:29:44.360532,84.21052631578947,1.9
20:29:44.460793,85.0,1.9
20:29:44.561066,85.71428571428572,1.9
20:29:44.661312,84.21052631578947,1.9
20:29:44.761592,85.71428571428572,1.9
20:29:44.861963,73.6842105263158,1.9
20:29:44.962430,85.0,1.9
20:29:45.063552,85.71428571428572,1.9
20:29:45.163841,80.0,1.9
20:29:45.264216,70.0,1.9
20:29:45.364539,85.0,1.9
20:29:45.465496,65.0,1.9
20:29:45.568436,80.0,1.9
20:29:45.668682,76.19047619047619,1.9
20:29:45.769045,89.47368421052632,1.9
20:29:45.869446,70.0,1.9
20:29:45.969724,85.71428571428572,1.9
20:29:46.071642,85.0,1.9
20:29:46.172121,72.22222222222221,1.9
20:29:46.273556,69.56521739130434,1.9
20:29:46.373830,78.94736842105263,1.9
20:29:46.474141,70.0,1.9
20:29:46.574439,76.19047619047619,1.9
20:29:46.675421,73.6842105263158,1.82
20:29:46.775769,75.0,1.82
20:29:46.876486,80.95238095238095,1.82
20:29:46.976749,75.0,1.82
20:29:47.082415,85.0,1.82
20:29:47.182661,80.0,1.82
20:29:47.282935,70.0,1.82
20:29:47.383224,80.95238095238095,1.82
20:29:47.483546,78.94736842105263,1.82
20:29:47.584014,80.95238095238095,1.82
20:29:47.684461,78.94736842105263,1.82
20:29:47.785453,75.0,1.82
20:29:47.885750,80.95238095238095,1.82
20:29:47.986060,80.95238095238095,1.82
20:29:48.086376,84.21052631578947,1.82
20:29:48.186700,78.94736842105263,1.82
20:29:48.288466,80.95238095238095,1.82
20:29:48.388743,85.0,1.82
20:29:48.489036,75.0,1.82
20:29:48.589518,90.0,1.82
20:29:48.690442,85.0,1.82
20:29:48.790793,75.0,1.82
20:29:48.891189,90.0,1.82
20:29:48.992483,75.0,1.82
20:29:49.092764,80.0,1.82
20:29:49.194444,76.19047619047619,1.82
20:29:49.294836,84.21052631578947,1.82
20:29:49.396434,72.72727272727273,1.82
20:29:49.496717,78.94736842105263,1.82
20:29:49.597420,85.0,1.82
20:29:49.697687,90.0,1.82
20:29:49.799463,85.0,1.82
20:29:49.900149,85.71428571428572,1.82
20:29:50.000432,89.47368421052632,1.82
20:29:50.103124,80.95238095238095,1.82
20:29:50.204488,89.47368421052632,1.82
20:29:50.305471,85.71428571428572,1.82
20:29:50.405752,90.0,1.82
20:29:50.505981,80.95238095238095,1.82
20:29:50.606294,89.47368421052632,1.82
20:29:50.707053,80.95238095238095,1.82
20:29:50.807550,84.21052631578947,1.82
20:29:50.909424,75.0,1.82
20:29:51.011649,80.0,1.82
20:29:51.111918,75.0,1.82
20:29:51.212377,71.42857142857143,1.82
20:29:51.313499,68.42105263157895,1.82
20:29:51.413846,76.19047619047619,1.82
20:29:51.514133,90.0,1.82
20:29:51.615546,75.0,1.82
20:29:51.715897,80.0,1.76
20:29:51.817202,80.95238095238095,1.76
20:29:51.917669,78.94736842105263,1.76
20:29:52.018028,70.0,1.76
20:29:52.120462,80.95238095238095,1.76
20:29:52.220759,84.21052631578947,1.76
20:29:52.321083,85.0,1.76
20:29:52.421483,70.0,1.76
20:29:52.522562,76.19047619047619,1.76
20:29:52.622885,70.0,1.76
20:29:52.723212,84.21052631578947,1.76
20:29:52.823497,85.71428571428572,1.76
20:29:52.923874,70.0,1.76
20:29:53.024432,80.0,1.76
20:29:53.125420,80.0,1.76
20:29:53.226853,75.0,1.76
20:29:53.327557,70.0,1.76
20:29:53.427867,84.21052631578947,1.76
20:29:53.529574,80.95238095238095,1.76
20:29:53.630027,75.0,1.76
20:29:53.730502,76.19047619047619,1.76
20:29:53.830970,78.94736842105263,1.76
20:29:53.933678,80.95238095238095,1.76
20:29:54.034067,85.0,1.76
20:29:54.134414,78.94736842105263,1.76
20:29:54.235543,76.19047619047619,1.76
20:29:54.336615,75.0,1.76
20:29:54.437491,75.0,1.76
20:29:54.537782,80.0,1.76
20:29:54.638064,75.0,1.76
20:29:54.740584,80.0,1.76
20:29:54.840900,71.42857142857143,1.76
20:29:54.941159,84.21052631578947,1.76
20:29:55.041403,80.0,1.76
20:29:55.141698,90.0,1.76
20:29:55.242025,85.0,1.76
20:29:55.342433,75.0,1.76
20:29:55.446423,86.36363636363636,1.76
20:29:55.546682,90.0,1.76
20:29:55.647119,72.22222222222221,1.76
20:29:55.750488,90.47619047619048,1.76
20:29:55.850851,80.95238095238095,1.76
20:29:55.951112,73.6842105263158,1.76
20:29:56.053438,76.19047619047619,1.76
20:29:56.153723,100.0,1.76
20:29:56.255428,75.0,1.76
20:29:56.355730,80.0,1.76
20:29:56.456023,84.21052631578947,1.76
20:29:56.556324,76.19047619047619,1.76
20:29:56.656596,80.0,1.86
20:29:56.757012,65.0,1.86
20:29:56.857520,75.0,1.86
20:29:56.958543,80.0,1.86
20:29:57.058837,78.94736842105263,1.86
20:29:57.160751,80.95238095238095,1.86
20:29:57.261055,80.0,1.86
20:29:57.363590,84.21052631578947,1.86
20:29:57.463894,85.0,1.86
20:29:57.564142,80.95238095238095,1.86
20:29:57.664575,75.0,1.86
20:29:57.764961,75.0,1.86
20:29:57.865449,85.0,1.86
20:29:57.965791,80.0,1.86
20:29:58.067431,90.0,1.86
20:29:58.167718,78.94736842105263,1.86
20:29:58.268453,90.0,1.86
20:29:58.369505,70.0,1.86
20:29:58.469790,85.0,1.86
20:29:58.570199,75.0,1.86
20:29:58.671441,76.19047619047619,1.86
20:29:58.771762,85.0,1.86
20:29:58.872062,84.21052631578947,1.86
20:29:58.974468,71.42857142857143,1.86
20:29:59.074734,85.0,1.86
20:29:59.174987,75.0,1.86
20:29:59.275229,75.0,1.86
20:29:59.375566,80.0,1.86
20:29:59.475868,80.0,1.86
20:29:59.577409,78.94736842105263,1.86
20:29:59.677680,76.19047619047619,1.86
20:29:59.777949,73.6842105263158,1.86
20:29:59.878221,73.6842105263158,1.86
20:29:59.980264,72.72727272727273,1.86
20:30:00.080612,70.0,1.86
20:30:00.183476,70.0,1.86
20:30:00.283749,76.19047619047619,1.86
20:30:00.384104,78.94736842105263,1.86
20:30:00.485608,90.47619047619048,1.86
20:30:00.585932,94.73684210526316,1.86
20:30:00.686266,84.21052631578947,1.86
20:30:00.787476,77.27272727272727,1.86
20:30:00.887838,78.94736842105263,1.86
20:30:00.988173,75.0,1.86
20:30:01.090439,90.0,1.86
20:30:01.190705,90.0,1.86
20:30:01.291009,80.0,1.86
20:30:01.391331,75.0,1.86
20:30:01.491763,70.0,1.86
20:30:01.592168,80.95238095238095,1.86
20:30:01.693431,80.95238095238095,1.87
20:30:01.793768,80.0,1.87
20:30:01.894231,78.94736842105263,1.87
20:30:01.995454,75.0,1.87
20:30:02.095729,80.0,1.87
20:30:02.195979,85.71428571428572,1.87
20:30:02.296313,77.77777777777779,1.87
20:30:02.397460,76.19047619047619,1.87
20:30:02.498454,78.94736842105263,1.87
20:30:02.598710,76.19047619047619,1.87
20:30:02.698982,76.19047619047619,1.87
20:30:02.799479,75.0,1.87
20:30:02.900458,70.0,1.87
20:30:03.000712,84.21052631578947,1.87
20:30:03.100973,80.0,1.87
20:30:03.201238,76.19047619047619,1.87
20:30:03.301535,84.21052631578947,1.87
20:30:03.403150,80.0,1.87
20:30:03.503450,80.0,1.87
20:30:03.603712,80.0,1.87
20:30:03.704018,78.94736842105263,1.87
20:30:03.804464,71.42857142857143,1.87
20:30:03.905464,75.0,1.87
20:30:04.005790,78.94736842105263,1.87
20:30:04.106084,85.0,1.87
20:30:04.206362,80.0,1.87
20:30:04.306610,76.19047619047619,1.87
20:30:04.408580,72.22222222222221,1.87
20:30:04.508914,78.26086956521739,1.87
20:30:04.611495,85.0,1.87
20:30:04.711784,80.0,1.87
20:30:04.812180,80.0,1.87
20:30:04.913458,75.0,1.87
20:30:05.013730,80.0,1.87
20:30:05.114025,73.6842105263158,1.87
20:30:05.214400,76.19047619047619,1.87
20:30:05.315564,80.0,1.87
20:30:05.415825,73.6842105263158,1.87
20:30:05.516193,80.95238095238095,1.87
20:30:05.616606,75.0,1.87
20:30:05.716922,80.0,1.87
20:30:05.817257,80.0,1.87
20:30:05.918445,70.0,1.87
20:30:06.018733,80.0,1.87
20:30:06.119049,80.0,1.87
20:30:06.219396,70.0,1.87
20:30:06.320503,80.0,1.87
20:30:06.420906,80.0,1.87
20:30:06.521178,80.0,1.87
20:30:06.621508,70.0,1.87
20:30:06.721974,68.42105263157895,1.8
20:30:06.822513,80.95238095238095,1.8
20:30:06.923449,76.19047619047619,1.8
20:30:07.023953,75.0,1.8
20:30:07.124253,80.0,1.8
20:30:07.226532,80.0,1.8
20:30:07.326915,73.6842105263158,1.8
20:30:07.427421,81.81818181818181,1.8
20:30:07.527695,78.94736842105263,1.8
20:30:07.628730,70.0,1.8
20:30:07.729156,85.0,1.8
20:30:07.830466,90.0,1.8
20:30:07.930763,60.0,1.8
20:30:08.031041,84.21052631578947,1.8
20:30:08.131304,81.81818181818181,1.8
20:30:08.231550,78.94736842105263,1.8
20:30:08.331795,80.0,1.8
20:30:08.432417,85.0,1.8
20:30:08.532698,75.0,1.8
20:30:08.633488,75.0,1.8
20:30:08.733835,80.95238095238095,1.8
20:30:08.834617,78.94736842105263,1.8
20:30:08.934907,70.0,1.8
20:30:09.035529,90.0,1.8
20:30:09.135781,73.6842105263158,1.8
20:30:09.236089,76.19047619047619,1.8
20:30:09.336425,80.95238095238095,1.8
20:30:09.436753,80.0,1.8
20:30:09.537416,73.6842105263158,1.8
20:30:09.637703,76.19047619047619,1.8
20:30:09.738021,80.0,1.8
20:30:09.838365,80.0,1.8
20:30:09.939896,80.0,1.8
20:30:10.040144,80.0,1.8
20:30:10.140595,95.0,1.8
20:30:10.240910,95.0,1.8
20:30:10.341259,75.0,1.8
20:30:10.441621,84.21052631578947,1.8
20:30:10.541918,80.95238095238095,1.8
20:30:10.643537,80.0,1.8
20:30:10.743817,73.6842105263158,1.8
20:30:10.844122,90.47619047619048,1.8
20:30:10.944439,68.42105263157895,1.8
20:30:11.045413,80.95238095238095,1.8
20:30:11.147848,100.0,1.8
20:30:11.248103,83.33333333333334,1.8
20:30:11.348447,71.42857142857143,1.8
20:30:11.448795,75.0,1.8
20:30:11.549323,75.0,1.8
20:30:11.650496,80.0,1.74
20:30:11.750873,85.0,1.74
20:30:11.851165,90.47619047619048,1.74
20:30:11.951433,90.0,1.74
20:30:12.051746,80.0,1.74
20:30:12.153434,90.0,1.74
20:30:12.255424,86.36363636363636,1.74
20:30:12.355816,84.21052631578947,1.74
20:30:12.456098,70.0,1.74
20:30:12.556414,73.6842105263158,1.74
20:30:12.657472,75.0,1.74
20:30:12.757748,80.95238095238095,1.74
20:30:12.858165,68.42105263157895,1.74
20:30:12.959498,85.0,1.74
20:30:13.059747,80.0,1.74
20:30:13.160028,80.95238095238095,1.74
20:30:13.260390,78.94736842105263,1.74
20:30:13.362561,78.94736842105263,1.74
20:30:13.462798,80.95238095238095,1.74
20:30:13.563057,90.47619047619048,1.74
20:30:13.663375,78.94736842105263,1.74
20:30:13.763661,70.0,1.74
20:30:13.863963,78.94736842105263,1.74
20:30:13.965448,90.0,1.74
20:30:14.065709,80.95238095238095,1.74
20:30:14.165983,80.0,1.74
20:30:14.266406,73.6842105263158,1.74
20:30:14.367449,85.71428571428572,1.74
20:30:14.467703,85.71428571428572,1.74
20:30:14.568013,85.0,1.74
20:30:14.668488,75.0,1.74
20:30:14.769563,85.0,1.74
20:30:14.869881,84.21052631578947,1.74
20:30:14.970190,80.95238095238095,1.74
20:30:15.070439,73.6842105263158,1.74
20:30:15.170713,76.19047619047619,1.74
20:30:15.271057,75.0,1.74
20:30:15.373420,75.0,1.74
20:30:15.473654,75.0,1.74
20:30:15.575436,76.19047619047619,1.74
20:30:15.675711,73.6842105263158,1.74
20:30:15.776041,80.95238095238095,1.74
20:30:15.876377,73.6842105263158,1.74
20:30:15.978520,76.19047619047619,1.74
20:30:16.078819,80.0,1.74
20:30:16.179678,76.19047619047619,1.74
20:30:16.281584,78.94736842105263,1.74
20:30:16.381839,85.71428571428572,1.74
20:30:16.482151,80.0,1.74
20:30:16.582408,90.0,1.74
20:30:16.682672,78.94736842105263,1.84
20:30:16.784181,80.95238095238095,1.84
20:30:16.886417,85.0,1.84
20:30:16.989907,85.71428571428572,1.84
20:30:17.090451,84.21052631578947,1.84
20:30:17.192193,90.47619047619048,1.84
20:30:17.293915,85.0,1.84
20:30:17.394190,90.0,1.84
20:30:17.494452,90.0,1.84
20:30:17.595454,65.0,1.84
20:30:17.698439,95.45454545454545,1.84
20:30:17.798719,85.0,1.84
20:30:17.898986,84.21052631578947,1.84
20:30:18.000480,76.19047619047619,1.84
20:30:18.100802,80.95238095238095,1.84
20:30:18.201118,84.21052631578947,1.84
20:30:18.301446,85.0,1.84
20:30:18.401792,73.6842105263158,1.84
20:30:18.502143,80.95238095238095,1.84
20:30:18.602511,85.0,1.84
20:30:18.702868,80.0,1.84
20:30:18.803200,80.95238095238095,1.84
20:30:18.905588,75.0,1.84
20:30:19.005905,84.21052631578947,1.84
20:30:19.107477,76.19047619047619,1.84
20:30:19.207769,75.0,1.84
20:30:19.308058,80.0,1.84
20:30:19.408384,78.94736842105263,1.84
20:30:19.508633,76.19047619047619,1.84
20:30:19.609054,78.94736842105263,1.84
20:30:19.709429,70.0,1.84
20:30:19.810540,85.0,1.84
20:30:19.910845,85.71428571428572,1.84
20:30:20.013444,85.0,1.84
20:30:20.113727,75.0,1.84
20:30:20.214042,78.94736842105263,1.84
20:30:20.314369,76.19047619047619,1.84
20:30:20.414657,73.6842105263158,1.84
20:30:20.514939,66.66666666666667,1.84
20:30:20.615199,73.6842105263158,1.84
20:30:20.715440,76.19047619047619,1.84
20:30:20.818483,75.0,1.84
20:30:20.918830,80.0,1.84
20:30:21.019178,84.21052631578947,1.84
20:30:21.119503,75.0,1.84
20:30:21.221698,71.42857142857143,1.84
20:30:21.322060,80.95238095238095,1.84
20:30:21.425480,80.0,1.84
20:30:21.527497,80.0,1.84
20:30:21.627772,85.0,1.84
20:30:21.729446,71.42857142857143,1.77
20:30:21.829759,71.42857142857143,1.77
20:30:21.930094,84.21052631578947,1.77
20:30:22.031554,80.0,1.77
20:30:22.131945,75.0,1.77
20:30:22.232249,78.94736842105263,1.77
20:30:22.333440,76.19047619047619,1.77
20:30:22.433764,80.0,1.77
20:30:22.534148,71.42857142857143,1.77
20:30:22.636621,75.0,1.77
20:30:22.740409,70.0,1.77
20:30:22.842315,85.0,1.77
20:30:22.942576,85.0,1.77
20:30:23.042848,75.0,1.77
20:30:23.143191,78.94736842105263,1.77
20:30:23.243448,80.95238095238095,1.77
20:30:23.343776,70.0,1.77
20:30:23.444449,75.0,1.77
20:30:23.544813,78.94736842105263,1.77
20:30:23.645216,80.95238095238095,1.77
20:30:23.746410,85.0,1.77
20:30:23.847588,75.0,1.77
20:30:23.947992,75.0,1.77
20:30:24.050559,85.71428571428572,1.77
20:30:24.150828,78.94736842105263,1.77
20:30:24.251136,80.95238095238095,1.77
20:30:24.353539,75.0,1.77
20:30:24.453829,85.0,1.77
20:30:24.554148,80.0,1.77
20:30:24.655423,78.94736842105263,1.77
20:30:24.756429,80.95238095238095,1.77
20:30:24.856730,70.0,1.77
20:30:24.957104,80.0,1.77
20:30:25.058506,75.0,1.77
20:30:25.158878,90.0,1.77
20:30:25.259205,84.21052631578947,1.77
20:30:25.360349,85.0,1.77
20:30:25.460803,77.27272727272727,1.77
20:30:25.561457,73.6842105263158,1.77
20:30:25.661868,80.0,1.77
20:30:25.762238,80.0,1.77
20:30:25.862593,75.0,1.77
20:30:25.962943,80.0,1.77
20:30:26.063335,80.95238095238095,1.77
20:30:26.165569,95.0,1.77
20:30:26.265835,70.0,1.77
20:30:26.366105,78.94736842105263,1.77
20:30:26.466444,71.42857142857143,1.77
20:30:26.568585,80.0,1.77
20:30:26.668863,85.0,1.79
20:30:26.769145,70.0,1.79
20:30:26.871563,95.23809523809523,1.79
20:30:26.971832,94.73684210526316,1.79
20:30:27.072121,71.42857142857143,1.79
20:30:27.172474,84.21052631578947,1.79
20:30:27.274453,80.95238095238095,1.79
20:30:27.374716,84.21052631578947,1.79
20:30:27.474984,75.0,1.79
20:30:27.575231,85.0,1.79
20:30:27.675529,84.21052631578947,1.79
20:30:27.775829,75.0,1.79
20:30:27.876382,75.0,1.79
20:30:27.976739,81.81818181818181,1.79
20:30:28.079455,80.0,1.79
20:30:28.179719,80.0,1.79
20:30:28.279974,73.6842105263158,1.79
20:30:28.381415,85.71428571428572,1.79
20:30:28.481665,80.0,1.79
20:30:28.581904,84.21052631578947,1.79
20:30:28.682158,85.0,1.79
20:30:28.782449,80.95238095238095,1.79
20:30:28.882880,73.6842105263158,1.79
20:30:28.983207,80.0,1.79
20:30:29.085558,76.19047619047619,1.79
20:30:29.185869,80.0,1.79
20:30:29.286440,85.0,1.79
20:30:29.387436,80.0,1.79
20:30:29.487723,70.0,1.79
20:30:29.589414,85.0,1.79
20:30:29.691443,75.0,1.79
20:30:29.791716,81.81818181818181,1.79
20:30:29.892045,84.21052631578947,1.79
20:30:29.992332,85.0,1.79
20:30:30.092734,76.19047619047619,1.79
20:30:30.193039,88.88888888888889,1.79
20:30:30.294557,77.27272727272727,1.79
20:30:30.394889,73.6842105263158,1.79
20:30:30.495406,80.95238095238095,1.79
20:30:30.595687,75.0,1.79
20:30:30.696526,77.77777777777779,1.79
20:30:30.796764,80.95238095238095,1.79
20:30:30.897464,78.94736842105263,1.79
20:30:30.997742,71.42857142857143,1.79
20:30:31.100476,80.0,1.79
20:30:31.200795,84.21052631578947,1.79
20:30:31.301090,80.0,1.79
20:30:31.401357,80.95238095238095,1.79
20:30:31.501668,84.21052631578947,1.79
20:30:31.601963,75.0,1.79
20:30:31.702322,80.0,1.72
20:30:31.804454,80.95238095238095,1.72
20:30:31.904754,80.0,1.72
20:30:32.005080,80.0,1.72
20:30:32.105427,73.6842105263158,1.72
20:30:32.205743,76.19047619047619,1.72
20:30:32.306041,75.0,1.72
20:30:32.406486,90.0,1.72
20:30:32.507446,71.42857142857143,1.72
20:30:32.607677,84.21052631578947,1.72
20:30:32.707924,80.95238095238095,1.72
20:30:32.808237,78.94736842105263,1.72
20:30:32.909504,80.95238095238095,1.72
20:30:33.009970,73.6842105263158,1.72
20:30:33.110303,80.0,1.72
20:30:33.211457,85.0,1.72
20:30:33.311767,75.0,1.72
20:30:33.412029,75.0,1.72
20:30:33.513937,76.19047619047619,1.72
20:30:33.614247,84.21052631578947,1.72
20:30:33.714573,75.0,1.72
20:30:33.814908,85.0,1.72
20:30:33.915518,76.19047619047619,1.72
20:30:34.016501,80.0,1.72
20:30:34.116829,78.94736842105263,1.72
20:30:34.217140,80.0,1.72
20:30:34.317701,90.47619047619048,1.72
20:30:34.420412,80.95238095238095,1.72
20:30:34.520715,84.21052631578947,1.72
20:30:34.621422,80.95238095238095,1.72
20:30:34.722404,85.0,1.72
20:30:34.822661,89.47368421052632,1.72
20:30:34.922975,70.0,1.72
20:30:35.023300,75.0,1.72
20:30:35.126434,85.0,1.72
20:30:35.228436,80.95238095238095,1.72
20:30:35.328715,80.0,1.72
20:30:35.429064,85.0,1.72
20:30:35.530463,85.71428571428572,1.72
20:30:35.630944,73.6842105263158,1.72
20:30:35.731305,80.0,1.72
20:30:35.831636,85.71428571428572,1.72
20:30:35.933541,89.47368421052632,1.72
20:30:36.033837,80.0,1.72
20:30:36.134107,75.0,1.72
20:30:36.235881,80.95238095238095,1.72
20:30:36.337436,71.42857142857143,1.72
20:30:36.437721,73.6842105263158,1.72
20:30:36.538000,80.95238095238095,1.72
20:30:36.638339,85.0,1.83
20:30:36.738766,80.0,1.83
20:30:36.841518,70.0,1.83
20:30:36.941862,75.0,1.83
20:30:37.042192,80.95238095238095,1.83
20:30:37.143564,78.94736842105263,1.83
20:30:37.243858,80.0,1.83
20:30:37.344315,80.0,1.83
20:30:37.444699,80.0,1.83
20:30:37.544967,80.0,1.83
20:30:37.647548,80.95238095238095,1.83
20:30:37.747844,84.21052631578947,1.83
20:30:37.848142,85.0,1.83
20:30:37.948502,75.0,1.83
20:30:38.050618,81.81818181818181,1.83
20:30:38.150920,78.94736842105263,1.83
20:30:38.251424,68.42105263157895,1.83
20:30:38.352468,81.81818181818181,1.83
20:30:38.452802,84.21052631578947,1.83
20:30:38.553103,75.0,1.83
20:30:38.654447,85.71428571428572,1.83
20:30:38.754689,75.0,1.83
20:30:38.855632,80.0,1.83
20:30:38.958421,75.0,1.83
20:30:39.058671,80.95238095238095,1.83
20:30:39.159023,78.94736842105263,1.83
20:30:39.261443,86.36363636363636,1.83
20:30:39.361697,84.21052631578947,1.83
20:30:39.461974,80.0,1.83
20:30:39.562269,85.0,1.83
20:30:39.662987,94.73684210526316,1.83
20:30:39.763234,76.19047619047619,1.83
20:30:39.863571,75.0,1.83
20:30:39.964079,75.0,1.83
20:30:40.065616,84.21052631578947,1.83
